Flight_ID,Day,Start_Time,End_Time,Duration_Min,Distance_Km,Payload_Kg,Status
FLIGHT-0001,1,0:03:42,0:08:11,4.48,2.69,1.93,Success
FLIGHT-0002,1,0:11:53,0:15:24,3.52,2.11,0.73,Success
FLIGHT-0003,1,0:19:03,0:22:16,3.22,1.93,1.56,Success
FLIGHT-0004,1,0:29:09,0:32:48,3.65,2.19,0.77,Success
FLIGHT-0005,1,0:35:09,0:38:07,2.97,1.78,0.94,Success
FLIGHT-0006,1,0:43:14,0:48:11,4.95,2.97,0.85,Success
FLIGHT-0007,1,0:51:05,0:53:38,2.55,1.53,1.2,Success
FLIGHT-0008,1,1:01:06,1:05:22,4.27,2.56,0.52,Warning_HighWind
FLIGHT-0009,1,1:11:46,1:14:45,2.98,1.79,0.65,Success
FLIGHT-0010,1,1:21:08,1:25:32,4.4,2.64,0.76,Success
FLIGHT-0011,1,1:27:33,1:31:16,3.72,2.23,0.81,Success
FLIGHT-0012,1,1:36:53,1:39:06,2.22,1.33,1.91,Warning_HighWind
FLIGHT-0013,1,1:46:09,1:47:53,1.73,1.04,0.63,Success
FLIGHT-0014,1,1:54:48,1:59:45,4.95,2.97,1.62,Success
FLIGHT-0015,1,2:05:21,2:09:58,4.62,2.77,1.31,Success
FLIGHT-0016,1,2:13:02,2:16:00,2.97,1.78,1.98,Success
FLIGHT-0017,1,2:19:02,2:22:50,3.8,2.28,0.8,Success
FLIGHT-0018,1,2:29:10,2:31:20,2.17,1.3,1.87,Success
FLIGHT-0019,1,2:33:52,2:36:09,2.28,1.37,1.06,Success
FLIGHT-0020,1,2:41:00,2:44:13,3.22,1.93,0.91,Success
FLIGHT-0021,1,2:48:23,2:49:53,1.5,0.9,1.58,Success
FLIGHT-0022,1,2:56:35,3:00:21,3.77,2.26,1.57,Success
FLIGHT-0023,1,3:05:19,3:07:51,2.53,1.52,1.84,Success
FLIGHT-0024,1,3:13:32,3:17:32,4,2.4,1.41,Success
FLIGHT-0025,1,3:19:44,3:23:53,4.15,2.49,1.4,Success
FLIGHT-0026,1,3:28:42,3:30:56,2.23,1.34,0.94,Success
FLIGHT-0027,1,3:34:43,3:36:56,2.22,1.33,1.12,Success
FLIGHT-0028,1,3:44:43,3:49:22,4.65,2.79,0.67,Success
FLIGHT-0029,1,3:53:17,3:58:11,4.9,2.94,1.79,Success
FLIGHT-0030,1,4:02:27,4:04:58,2.52,1.51,0.83,Success
FLIGHT-0031,1,4:12:12,4:15:39,3.45,2.07,0.83,Success
FLIGHT-0032,1,4:22:56,4:27:31,4.58,2.75,1.94,Success
FLIGHT-0033,1,4:31:23,4:34:33,3.17,1.9,0.93,Success
FLIGHT-0034,1,4:38:42,4:41:05,2.38,1.43,0.55,Success
FLIGHT-0035,1,4:45:10,4:48:49,3.65,2.19,1.3,Success
FLIGHT-0036,1,4:54:55,4:57:32,2.62,1.57,0.62,Success
FLIGHT-0037,1,5:04:25,5:06:18,1.88,1.13,1.21,Warning_HighWind
FLIGHT-0038,1,5:12:17,5:16:10,3.88,2.33,1.75,Success
FLIGHT-0039,1,5:23:58,5:25:30,1.53,0.92,1.39,GCS_Disconnect_RTL
FLIGHT-0040,1,5:29:56,5:33:53,3.95,2.37,1.47,Success
FLIGHT-0041,1,5:38:00,5:40:08,2.13,1.28,1.91,Success
FLIGHT-0042,1,5:44:38,5:48:46,4.13,2.48,1.82,Success
FLIGHT-0043,1,5:56:31,5:59:52,3.35,2.01,1.33,Success
FLIGHT-0044,1,6:06:55,6:10:44,3.82,2.29,1.34,Success
FLIGHT-0045,1,6:16:36,6:19:44,3.13,1.88,1.55,Success
FLIGHT-0046,1,6:22:37,6:26:06,3.48,2.09,1.83,Success
FLIGHT-0047,1,6:29:49,6:32:42,2.88,1.73,1.37,Success
FLIGHT-0048,1,6:37:14,6:40:16,3.03,1.82,0.93,Success
FLIGHT-0049,1,6:44:58,6:49:55,4.95,2.97,1.99,GCS_Disconnect_RTL
FLIGHT-0050,1,6:56:31,6:58:48,2.28,1.37,1.62,Success
FLIGHT-0051,1,7:02:55,7:04:57,2.03,1.22,1.31,Success
FLIGHT-0052,1,7:07:18,7:11:25,4.12,2.47,1.96,Success
FLIGHT-0053,1,7:18:07,7:20:03,1.93,1.16,1.69,Success
FLIGHT-0054,1,7:27:19,7:29:36,2.28,1.37,0.92,Success
FLIGHT-0055,1,7:31:52,7:36:13,4.35,2.61,1.91,Warning_HighWind
FLIGHT-0056,1,7:39:51,7:43:24,3.55,2.13,0.52,Warning_HighWind
FLIGHT-0057,1,7:48:24,7:51:28,3.07,1.84,1.95,Success
FLIGHT-0058,1,7:56:08,7:58:44,2.6,1.56,0.75,Success
FLIGHT-0059,1,8:01:41,8:04:17,2.6,1.56,1.36,Success
FLIGHT-0060,1,8:11:58,8:15:58,4,2.4,0.71,Success
FLIGHT-0061,1,8:22:30,8:25:43,3.22,1.93,1.55,Success
FLIGHT-0062,1,8:30:32,8:32:27,1.92,1.15,1.72,Success
FLIGHT-0063,1,8:39:39,8:41:44,2.08,1.25,1.7,Success
FLIGHT-0064,1,8:46:05,8:50:58,4.88,2.93,1.83,Success
FLIGHT-0065,1,8:57:45,9:02:25,4.67,2.8,0.55,Success
FLIGHT-0066,1,9:06:29,9:10:28,3.98,2.39,1.39,Success
FLIGHT-0067,1,9:17:53,9:19:37,1.73,1.04,1.04,Success
FLIGHT-0068,1,9:22:29,9:24:58,2.48,1.49,0.82,Success
FLIGHT-0069,1,9:32:47,9:35:03,2.27,1.36,1.55,Success
FLIGHT-0070,1,9:39:06,9:42:21,3.25,1.95,0.98,Success
FLIGHT-0071,1,9:45:52,9:48:19,2.45,1.47,0.62,Success
FLIGHT-0072,1,9:54:57,9:58:33,3.6,2.16,1.54,Success
FLIGHT-0073,1,10:00:33,10:02:36,2.05,1.23,0.86,Success
FLIGHT-0074,1,10:08:32,10:11:58,3.43,2.06,1.46,Success
FLIGHT-0075,1,10:15:06,10:16:57,1.85,1.11,1.6,Success
FLIGHT-0076,1,10:20:22,10:24:56,4.57,2.74,1.01,Success
FLIGHT-0077,1,10:28:29,10:33:08,4.65,2.79,1.56,Success
FLIGHT-0078,1,10:40:48,10:42:56,2.13,1.28,1.02,Success
FLIGHT-0079,1,10:49:05,10:50:44,1.65,0.99,1.92,Success
FLIGHT-0080,1,10:56:53,11:00:49,3.93,2.36,1.25,Success
FLIGHT-0081,1,11:02:52,11:04:37,1.75,1.05,0.61,Success
FLIGHT-0082,1,11:09:16,11:12:09,2.88,1.73,1.36,Success
FLIGHT-0083,1,11:17:07,11:21:27,4.33,2.6,1.91,Success
FLIGHT-0084,1,11:28:56,11:31:08,2.2,1.32,0.79,Success
FLIGHT-0085,1,11:37:20,11:39:24,2.07,1.24,1,Success
FLIGHT-0086,1,11:42:53,11:47:04,4.18,2.51,0.89,Success
FLIGHT-0087,1,11:50:57,11:53:41,2.73,1.64,1.82,Success
FLIGHT-0088,1,11:59:49,12:04:02,4.22,2.53,0.77,Success
FLIGHT-0089,1,12:08:58,12:12:06,3.13,1.88,1.12,Success
FLIGHT-0090,1,12:16:37,12:20:37,4,2.4,1.9,Success
FLIGHT-0091,1,12:22:49,12:24:41,1.87,1.12,1.63,Success
FLIGHT-0092,1,12:27:42,12:30:35,2.88,1.73,1.74,Success
FLIGHT-0093,1,12:35:31,12:38:40,3.15,1.89,0.52,Warning_HighWind
FLIGHT-0094,1,12:45:23,12:50:18,4.92,2.95,1.52,Success
FLIGHT-0095,1,12:54:41,12:58:07,3.43,2.06,0.64,Success
FLIGHT-0096,1,13:00:59,13:04:59,4,2.4,1.67,Success
FLIGHT-0097,1,13:10:04,13:14:20,4.27,2.56,1.99,Success
FLIGHT-0098,1,13:20:00,13:22:44,2.73,1.64,0.68,Success
FLIGHT-0099,1,13:28:56,13:30:32,1.6,0.96,1.14,Success
FLIGHT-0100,1,13:37:14,13:40:45,3.52,2.11,0.72,Success
FLIGHT-0101,1,13:45:00,13:48:18,3.3,1.98,1.06,Success
FLIGHT-0102,1,13:53:54,13:56:08,2.23,1.34,1.63,Success
FLIGHT-0103,1,14:01:09,14:05:25,4.27,2.56,1.14,Warning_HighWind
FLIGHT-0104,1,14:10:17,14:14:07,3.83,2.3,1.11,Success
FLIGHT-0105,1,14:21:23,14:24:59,3.6,2.16,1.47,Success
FLIGHT-0106,1,14:30:08,14:34:48,4.67,2.8,1.22,Success
FLIGHT-0107,1,14:38:44,14:42:27,3.72,2.23,1.7,Warning_HighWind
FLIGHT-0108,1,14:49:29,14:53:27,3.97,2.38,0.57,Warning_HighWind
FLIGHT-0109,1,14:58:10,15:02:06,3.93,2.36,1.95,Success
FLIGHT-0110,1,15:04:19,15:08:11,3.87,2.32,1.18,Success
FLIGHT-0111,1,15:12:34,15:17:08,4.57,2.74,1.87,Warning_HighWind
FLIGHT-0112,1,15:25:05,15:29:58,4.88,2.93,0.66,Success
FLIGHT-0113,1,15:34:41,15:37:40,2.98,1.79,1.08,Success
FLIGHT-0114,1,15:45:36,15:47:46,2.17,1.3,0.89,Success
FLIGHT-0115,1,15:53:06,15:57:16,4.17,2.5,1.12,Success
FLIGHT-0116,1,16:00:01,16:02:05,2.07,1.24,1.73,Warning_HighWind
FLIGHT-0117,1,16:09:07,16:13:09,4.03,2.42,1.13,Warning_HighWind
FLIGHT-0118,1,16:15:13,16:18:41,3.47,2.08,1.12,Success
FLIGHT-0119,1,16:24:39,16:29:05,4.43,2.66,1.07,Success
FLIGHT-0120,1,16:36:19,16:38:15,1.93,1.16,1.35,Success
FLIGHT-0121,1,16:45:25,16:47:00,1.58,0.95,1.54,Success
FLIGHT-0122,1,16:53:18,16:57:48,4.5,2.7,1.38,Success
FLIGHT-0123,1,17:01:10,17:05:04,3.9,2.34,0.86,Success
FLIGHT-0124,1,17:09:56,17:14:50,4.9,2.94,0.81,Success
FLIGHT-0125,1,17:17:23,17:20:24,3.02,1.81,0.9,Success
FLIGHT-0126,1,17:24:21,17:25:53,1.53,0.92,1.28,Success
FLIGHT-0127,1,17:31:34,17:34:00,2.43,1.46,1.38,Success
FLIGHT-0128,1,17:39:48,17:42:42,2.9,1.74,1.46,Success
FLIGHT-0129,1,17:47:53,17:50:00,2.12,1.27,1.41,Success
FLIGHT-0130,1,17:57:07,18:01:22,4.25,2.55,1.18,Warning_HighWind
FLIGHT-0131,1,18:05:07,18:07:27,2.33,1.4,1.55,Success
FLIGHT-0132,1,18:14:56,18:16:42,1.77,1.06,0.89,Success
FLIGHT-0133,1,18:19:34,18:24:17,4.72,2.83,0.99,Success
FLIGHT-0134,1,18:28:07,18:32:07,4,2.4,0.69,Success
FLIGHT-0135,1,18:34:14,18:37:55,3.68,2.21,0.77,Success
FLIGHT-0136,1,18:43:09,18:47:13,4.07,2.44,1.5,Success
FLIGHT-0137,1,18:53:49,18:55:23,1.57,0.94,1.02,Success
FLIGHT-0138,1,19:02:48,19:04:18,1.5,0.9,1.3,Success
FLIGHT-0139,1,19:07:35,19:09:49,2.23,1.34,0.98,Success
FLIGHT-0140,1,19:15:22,19:17:47,2.42,1.45,1.81,Warning_HighWind
FLIGHT-0141,1,19:20:12,19:22:17,2.08,1.25,1.71,Success
FLIGHT-0142,1,19:27:43,19:29:59,2.27,1.36,1.06,Success
FLIGHT-0143,1,19:33:16,19:36:55,3.65,2.19,1.62,Success
FLIGHT-0144,1,19:39:01,19:40:33,1.53,0.92,1.84,Success
FLIGHT-0145,1,19:47:06,19:49:13,2.12,1.27,1.3,Success
FLIGHT-0146,1,19:51:40,19:56:31,4.85,2.91,1.35,Success
FLIGHT-0147,1,20:00:36,20:02:49,2.22,1.33,0.85,Success
FLIGHT-0148,1,20:05:55,20:09:13,3.3,1.98,1.22,Success
FLIGHT-0149,1,20:13:03,20:14:40,1.62,0.97,1.38,Success
FLIGHT-0150,1,20:18:20,20:19:55,1.58,0.95,1.85,Success
FLIGHT-0151,1,20:27:09,20:30:27,3.3,1.98,1,GCS_Disconnect_RTL
FLIGHT-0152,1,20:37:03,20:41:50,4.78,2.87,1.05,Success
FLIGHT-0153,1,20:49:07,20:52:10,3.05,1.83,0.76,Warning_HighWind
FLIGHT-0154,1,20:58:12,21:00:12,2,1.2,1.12,Warning_HighWind
FLIGHT-0155,1,21:07:33,21:10:17,2.73,1.64,1.8,Success
FLIGHT-0156,1,21:13:18,21:17:52,4.57,2.74,1.58,Success
FLIGHT-0157,1,21:22:44,21:24:57,2.22,1.33,0.81,Warning_HighWind
FLIGHT-0158,1,21:30:28,21:32:17,1.82,1.09,0.86,Success
FLIGHT-0159,1,21:39:36,21:41:43,2.12,1.27,1.37,Success
FLIGHT-0160,1,21:48:01,21:52:11,4.17,2.5,1.05,Success
FLIGHT-0161,1,21:56:28,22:00:49,4.35,2.61,0.8,Success
FLIGHT-0162,1,22:08:07,22:11:17,3.17,1.9,0.5,Success
FLIGHT-0163,1,22:13:54,22:18:06,4.2,2.52,1.02,Warning_HighWind
FLIGHT-0164,1,22:24:01,22:28:28,4.45,2.67,0.69,Success
FLIGHT-0165,1,22:31:43,22:33:47,2.07,1.24,1.89,Success
FLIGHT-0166,1,22:41:35,22:44:16,2.68,1.61,1.74,Success
FLIGHT-0167,1,22:51:06,22:55:20,4.23,2.54,1.72,Success
FLIGHT-0168,1,22:59:31,23:02:29,2.97,1.78,1.82,Success
FLIGHT-0169,1,23:09:23,23:12:36,3.22,1.93,1.07,Success
FLIGHT-0170,1,23:14:58,23:17:30,2.53,1.52,1.25,Success
FLIGHT-0171,1,23:24:38,23:27:51,3.22,1.93,0.84,Success
FLIGHT-0172,1,23:30:57,23:34:41,3.73,2.24,1.6,Success
FLIGHT-0173,1,23:38:31,23:42:37,4.1,2.46,1.24,Success
FLIGHT-0174,1,23:47:13,23:49:20,2.12,1.27,1.63,Success
FLIGHT-0175,1,23:56:08,24:00:53,4.75,2.85,1.35,Success
FLIGHT-0176,1,24:08:45,24:12:12,3.45,2.07,1.73,Success
FLIGHT-0177,1,24:17:47,24:22:16,4.48,2.69,1.1,Success
FLIGHT-0178,1,24:25:02,24:27:39,2.62,1.57,1.58,Success
FLIGHT-0179,1,24:33:41,24:37:54,4.22,2.53,1.31,Success
FLIGHT-0180,1,24:40:04,24:42:47,2.72,1.63,1.01,Success
FLIGHT-0181,1,24:50:32,24:52:47,2.25,1.35,1.42,Warning_HighWind
FLIGHT-0182,1,24:58:16,0:01:36,3.33,2,1.59,Success
FLIGHT-0183,2,0:08:59,0:12:41,3.7,2.22,1.88,Success
FLIGHT-0184,2,0:16:12,0:18:12,2,1.2,1.41,Success
FLIGHT-0185,2,0:25:07,0:27:17,2.17,1.3,1.89,Success
FLIGHT-0186,2,0:35:02,0:38:21,3.32,1.99,0.78,Success
FLIGHT-0187,2,0:41:15,0:44:39,3.4,2.04,1.39,Success
FLIGHT-0188,2,0:48:55,0:53:46,4.85,2.91,1.7,Success
FLIGHT-0189,2,0:56:48,0:58:42,1.9,1.14,1.8,Warning_HighWind
FLIGHT-0190,2,1:06:28,1:08:14,1.77,1.06,1.38,Success
FLIGHT-0191,2,1:13:15,1:17:16,4.02,2.41,1.37,Success
FLIGHT-0192,2,1:21:56,1:26:22,4.43,2.66,1.67,Success
FLIGHT-0193,2,1:29:10,1:33:58,4.8,2.88,1.96,Success
FLIGHT-0194,2,1:41:39,1:44:11,2.53,1.52,2,Success
FLIGHT-0195,2,1:48:31,1:52:59,4.47,2.68,0.81,Warning_HighWind
FLIGHT-0196,2,1:59:43,2:02:01,2.3,1.38,0.55,Success
FLIGHT-0197,2,2:04:18,2:05:48,1.5,0.9,1.66,Success
FLIGHT-0198,2,2:09:40,2:13:03,3.38,2.03,1.25,Success
FLIGHT-0199,2,2:19:26,2:23:32,4.1,2.46,0.61,Success
FLIGHT-0200,2,2:28:13,2:31:46,3.55,2.13,1.7,Warning_HighWind
FLIGHT-0201,2,2:39:34,2:41:11,1.62,0.97,0.54,Success
FLIGHT-0202,2,2:47:25,2:50:06,2.68,1.61,0.66,Success
FLIGHT-0203,2,2:53:42,2:56:43,3.02,1.81,0.86,Success
FLIGHT-0204,2,3:00:00,3:02:01,2.02,1.21,1.78,Success
FLIGHT-0205,2,3:06:45,3:11:16,4.52,2.71,0.81,Success
FLIGHT-0206,2,3:13:22,3:16:05,2.72,1.63,0.63,Success
FLIGHT-0207,2,3:18:40,3:20:38,1.97,1.18,1.13,Warning_HighWind
FLIGHT-0208,2,3:22:48,3:26:27,3.65,2.19,1.04,Success
FLIGHT-0209,2,3:33:19,3:37:34,4.25,2.55,1.66,Success
FLIGHT-0210,2,3:45:28,3:48:23,2.92,1.75,1.67,Success
FLIGHT-0211,2,3:51:21,3:54:58,3.62,2.17,0.77,Success
FLIGHT-0212,2,3:57:06,3:59:15,2.15,1.29,1.55,Success
FLIGHT-0213,2,4:05:52,4:07:25,1.55,0.93,0.7,Warning_HighWind
FLIGHT-0214,2,4:14:17,4:17:01,2.73,1.64,1.73,Success
FLIGHT-0215,2,4:19:41,4:23:56,4.25,2.55,0.6,Success
FLIGHT-0216,2,4:27:11,4:30:07,2.93,1.76,0.66,Success
FLIGHT-0217,2,4:36:53,4:40:36,3.72,2.23,1.6,Success
FLIGHT-0218,2,4:47:44,4:52:32,4.8,2.88,1.36,Success
FLIGHT-0219,2,4:57:41,5:01:12,3.52,2.11,1.13,Success
FLIGHT-0220,2,5:06:24,5:08:44,2.33,1.4,0.64,Success
FLIGHT-0221,2,5:15:10,5:17:19,2.15,1.29,1.16,Warning_HighWind
FLIGHT-0222,2,5:23:10,5:25:33,2.38,1.43,1.21,Success
FLIGHT-0223,2,5:28:41,5:31:06,2.42,1.45,0.82,Success
FLIGHT-0224,2,5:36:52,5:39:42,2.83,1.7,1.24,Success
FLIGHT-0225,2,5:44:15,5:48:58,4.72,2.83,0.66,Success
FLIGHT-0226,2,5:54:34,5:57:04,2.5,1.5,1.53,Success
FLIGHT-0227,2,6:01:14,6:04:31,3.28,1.97,1.54,Success
FLIGHT-0228,2,6:11:05,6:14:15,3.17,1.9,0.64,Warning_HighWind
FLIGHT-0229,2,6:21:44,6:24:10,2.43,1.46,1.17,Success
FLIGHT-0230,2,6:29:45,6:32:37,2.87,1.72,1.6,Success
FLIGHT-0231,2,6:37:54,6:42:43,4.82,2.89,0.87,Success
FLIGHT-0232,2,6:45:08,6:47:24,2.27,1.36,0.57,Success
FLIGHT-0233,2,6:54:05,6:57:00,2.92,1.75,1.87,Success
FLIGHT-0234,2,7:01:16,7:04:40,3.4,2.04,1.89,Warning_HighWind
FLIGHT-0235,2,7:08:01,7:11:26,3.42,2.05,1.77,Success
FLIGHT-0236,2,7:17:58,7:19:41,1.72,1.03,1.39,Success
FLIGHT-0237,2,7:23:18,7:26:58,3.67,2.2,1.54,Success
FLIGHT-0238,2,7:29:36,7:31:20,1.73,1.04,1.71,Success
FLIGHT-0239,2,7:36:49,7:40:59,4.17,2.5,1.83,Success
FLIGHT-0240,2,7:48:09,7:52:28,4.32,2.59,1.99,Success
FLIGHT-0241,2,7:59:01,8:03:10,4.15,2.49,1.9,GCS_Disconnect_RTL
FLIGHT-0242,2,8:05:38,8:10:17,4.65,2.79,0.63,Success
FLIGHT-0243,2,8:16:48,8:21:21,4.55,2.73,0.91,Success
FLIGHT-0244,2,8:29:19,8:32:12,2.88,1.73,1.61,Success
FLIGHT-0245,2,8:36:33,8:40:02,3.48,2.09,0.93,Success
FLIGHT-0246,2,8:44:34,8:48:59,4.42,2.65,0.53,Warning_HighWind
FLIGHT-0247,2,8:56:03,8:59:33,3.5,2.1,1.52,Success
FLIGHT-0248,2,9:02:33,9:06:53,4.33,2.6,1.38,Warning_HighWind
FLIGHT-0249,2,9:14:36,9:16:16,1.67,1,1.86,Warning_HighWind
FLIGHT-0250,2,9:22:35,9:25:03,2.47,1.48,1.1,Success
FLIGHT-0251,2,9:31:05,9:34:24,3.32,1.99,0.85,Success
FLIGHT-0252,2,9:40:24,9:41:56,1.53,0.92,1.74,Success
FLIGHT-0253,2,9:47:30,9:51:56,4.43,2.66,1.28,Success
FLIGHT-0254,2,9:56:53,9:59:44,2.85,1.71,1.54,Success
FLIGHT-0255,2,10:06:12,10:09:41,3.48,2.09,1.62,Success
FLIGHT-0256,2,10:17:37,10:20:44,3.12,1.87,1.19,Success
FLIGHT-0257,2,10:23:12,10:26:58,3.77,2.26,0.57,Success
FLIGHT-0258,2,10:29:37,10:31:31,1.9,1.14,1.33,Success
FLIGHT-0259,2,10:34:08,10:36:49,2.68,1.61,1.54,Success
FLIGHT-0260,2,10:39:25,10:41:54,2.48,1.49,0.66,Warning_HighWind
FLIGHT-0261,2,10:45:47,10:47:56,2.15,1.29,1.82,Success
FLIGHT-0262,2,10:55:18,10:57:43,2.42,1.45,1.49,Success
FLIGHT-0263,2,11:04:31,11:06:06,1.58,0.95,1.28,Success
FLIGHT-0264,2,11:09:04,11:11:32,2.47,1.48,0.74,Success
FLIGHT-0265,2,11:16:32,11:20:51,4.32,2.59,0.66,Success
FLIGHT-0266,2,11:25:03,11:27:17,2.23,1.34,1.81,Success
FLIGHT-0267,2,11:31:56,11:35:12,3.27,1.96,0.84,GCS_Disconnect_RTL
FLIGHT-0268,2,11:41:29,11:46:24,4.92,2.95,1.63,Success
FLIGHT-0269,2,11:48:36,11:50:51,2.25,1.35,0.99,Success
FLIGHT-0270,2,11:58:44,12:03:21,4.62,2.77,0.51,Success
FLIGHT-0271,2,12:06:34,12:09:06,2.53,1.52,1.09,Success
FLIGHT-0272,2,12:15:43,12:20:28,4.75,2.85,0.76,Success
FLIGHT-0273,2,12:25:39,12:27:25,1.77,1.06,1.66,Success
FLIGHT-0274,2,12:29:46,12:33:15,3.48,2.09,0.57,Success
FLIGHT-0275,2,12:39:59,12:44:52,4.88,2.93,1.62,Success
FLIGHT-0276,2,12:46:58,12:48:56,1.97,1.18,0.53,Success
FLIGHT-0277,2,12:51:53,12:53:48,1.92,1.15,0.74,Success
FLIGHT-0278,2,12:57:26,13:01:16,3.83,2.3,1.78,Success
FLIGHT-0279,2,13:04:30,13:07:55,3.42,2.05,1.76,Success
FLIGHT-0280,2,13:10:21,13:15:05,4.73,2.84,1.93,Success
FLIGHT-0281,2,13:17:25,13:19:41,2.27,1.36,1.13,Success
FLIGHT-0282,2,13:25:57,13:28:24,2.45,1.47,1.84,Success
FLIGHT-0283,2,13:35:43,13:37:37,1.9,1.14,1.57,Success
FLIGHT-0284,2,13:40:03,13:42:44,2.68,1.61,0.74,Success
FLIGHT-0285,2,13:44:51,13:47:39,2.8,1.68,1.18,GCS_Disconnect_RTL
FLIGHT-0286,2,13:55:27,14:00:08,4.68,2.81,0.94,Warning_HighWind
FLIGHT-0287,2,14:02:53,14:04:37,1.73,1.04,1.22,Success
FLIGHT-0288,2,14:10:32,14:13:25,2.88,1.73,1.15,Success
FLIGHT-0289,2,14:20:43,14:24:09,3.43,2.06,1.39,Success
FLIGHT-0290,2,14:29:37,14:32:18,2.68,1.61,1.2,Success
FLIGHT-0291,2,14:35:52,14:40:07,4.25,2.55,0.94,Success
FLIGHT-0292,2,14:43:48,14:48:06,4.3,2.58,0.56,Success
FLIGHT-0293,2,14:51:21,14:54:51,3.5,2.1,1.36,Success
FLIGHT-0294,2,14:58:22,15:02:19,3.95,2.37,1.02,Success
FLIGHT-0295,2,15:10:11,15:11:42,1.52,0.91,1.3,Success
FLIGHT-0296,2,15:14:58,15:18:23,3.42,2.05,1.04,Success
FLIGHT-0297,2,15:21:52,15:26:15,4.38,2.63,1.54,Success
FLIGHT-0298,2,15:33:19,15:36:32,3.22,1.93,1.45,Success
FLIGHT-0299,2,15:42:53,15:45:35,2.7,1.62,0.58,Success
FLIGHT-0300,2,15:51:58,15:54:39,2.68,1.61,1.57,Success
FLIGHT-0301,2,16:00:49,16:04:25,3.6,2.16,0.62,Warning_HighWind
FLIGHT-0302,2,16:11:38,16:13:29,1.85,1.11,1.18,Success
FLIGHT-0303,2,16:15:42,16:20:34,4.87,2.92,1.59,Success
FLIGHT-0304,2,16:22:58,16:25:12,2.23,1.34,1.42,Success
FLIGHT-0305,2,16:30:04,16:33:49,3.75,2.25,1.81,Success
FLIGHT-0306,2,16:40:48,16:43:39,2.85,1.71,0.53,Success
FLIGHT-0307,2,16:50:50,16:54:04,3.23,1.94,1.24,Success
FLIGHT-0308,2,16:57:36,17:02:07,4.52,2.71,0.55,Success
FLIGHT-0309,2,17:09:56,17:14:04,4.13,2.48,1.12,Success
FLIGHT-0310,2,17:19:43,17:23:00,3.28,1.97,1.65,Success
FLIGHT-0311,2,17:26:35,17:29:49,3.23,1.94,1.16,Success
FLIGHT-0312,2,17:32:54,17:35:42,2.8,1.68,1.85,Success
FLIGHT-0313,2,17:40:47,17:44:21,3.57,2.14,0.82,Success
FLIGHT-0314,2,17:50:05,17:53:13,3.13,1.88,1.66,Success
FLIGHT-0315,2,18:00:10,18:04:31,4.35,2.61,1.06,Success
FLIGHT-0316,2,18:07:11,18:09:42,2.52,1.51,0.65,Success
FLIGHT-0317,2,18:15:32,18:18:25,2.88,1.73,1.39,Success
FLIGHT-0318,2,18:20:52,18:23:27,2.58,1.55,1.79,Success
FLIGHT-0319,2,18:28:10,18:30:24,2.23,1.34,0.86,Success
FLIGHT-0320,2,18:34:21,18:36:04,1.72,1.03,1,Success
FLIGHT-0321,2,18:42:20,18:46:02,3.7,2.22,0.87,Success
FLIGHT-0322,2,18:49:05,18:52:32,3.45,2.07,0.75,Success
FLIGHT-0323,2,18:57:55,19:02:09,4.23,2.54,1.67,Success
FLIGHT-0324,2,19:07:35,19:11:18,3.72,2.23,0.81,Success
FLIGHT-0325,2,19:15:27,19:20:17,4.83,2.9,1.3,Warning_HighWind
FLIGHT-0326,2,19:24:15,19:26:19,2.07,1.24,1.18,Warning_HighWind
FLIGHT-0327,2,19:31:17,19:36:12,4.92,2.95,1.53,Success
FLIGHT-0328,2,19:42:22,19:44:34,2.2,1.32,0.53,Success
FLIGHT-0329,2,19:47:12,19:51:45,4.55,2.73,1.27,Success
FLIGHT-0330,2,19:59:24,20:03:24,4,2.4,0.54,Success
FLIGHT-0331,2,20:09:17,20:12:50,3.55,2.13,1.51,Warning_HighWind
FLIGHT-0332,2,20:19:13,20:23:19,4.1,2.46,1.17,Success
FLIGHT-0333,2,20:30:08,20:34:50,4.7,2.82,1.76,Warning_HighWind
FLIGHT-0334,2,20:38:43,20:43:42,4.98,2.99,1.43,Success
FLIGHT-0335,2,20:46:57,20:49:38,2.68,1.61,1.69,Warning_HighWind
FLIGHT-0336,2,20:56:24,21:01:21,4.95,2.97,1.74,Success
FLIGHT-0337,2,21:07:00,21:11:43,4.72,2.83,2,Success
FLIGHT-0338,2,21:16:31,21:19:29,2.97,1.78,1.81,Success
FLIGHT-0339,2,21:26:52,21:29:59,3.12,1.87,1.11,Success
FLIGHT-0340,2,21:33:20,21:37:10,3.83,2.3,1.7,Success
FLIGHT-0341,2,21:44:53,21:47:16,2.38,1.43,1.47,Success
FLIGHT-0342,2,21:52:34,21:56:26,3.87,2.32,1.54,Success
FLIGHT-0343,2,22:03:30,22:05:34,2.07,1.24,0.84,Success
FLIGHT-0344,2,22:09:23,22:14:18,4.92,2.95,1.43,Success
FLIGHT-0345,2,22:20:59,22:23:40,2.68,1.61,1.28,Success
FLIGHT-0346,2,22:28:13,22:32:15,4.03,2.42,1.07,Success
FLIGHT-0347,2,22:39:14,22:40:58,1.73,1.04,1.09,Success
FLIGHT-0348,2,22:43:18,22:47:18,4,2.4,1.15,Warning_HighWind
FLIGHT-0349,2,22:53:58,22:56:03,2.08,1.25,1.89,Success
FLIGHT-0350,2,23:02:37,23:04:40,2.05,1.23,0.75,Success
FLIGHT-0351,2,23:07:06,23:11:12,4.1,2.46,1.7,Success
FLIGHT-0352,2,23:15:49,23:19:44,3.92,2.35,1.1,Warning_HighWind
FLIGHT-0353,2,23:27:33,23:32:25,4.87,2.92,0.68,Success
FLIGHT-0354,2,23:37:03,23:39:43,2.67,1.6,0.94,Success
FLIGHT-0355,2,23:42:18,23:45:11,2.88,1.73,1.23,Success
FLIGHT-0356,2,23:50:03,23:53:18,3.25,1.95,0.67,Success
FLIGHT-0357,2,23:59:54,24:03:40,3.77,2.26,1.69,Success
FLIGHT-0358,2,24:07:40,24:11:14,3.57,2.14,1.86,Success
FLIGHT-0359,2,24:19:00,24:21:06,2.1,1.26,0.95,Success
FLIGHT-0360,2,24:25:52,24:30:43,4.85,2.91,1.71,Success
FLIGHT-0361,2,24:36:44,24:39:22,2.63,1.58,0.75,Success
FLIGHT-0362,2,24:43:20,24:47:18,3.97,2.38,0.64,Success
FLIGHT-0363,2,24:51:57,24:53:37,1.67,1,0.85,Success
FLIGHT-0364,2,24:59:50,0:03:52,4.03,2.42,1.98,Success
FLIGHT-0365,3,0:11:14,0:13:25,2.18,1.31,1.14,Success
FLIGHT-0366,3,0:20:04,0:24:41,4.62,2.77,1.73,Success
FLIGHT-0367,3,0:31:28,0:35:44,4.27,2.56,1.66,Success
FLIGHT-0368,3,0:40:27,0:44:07,3.67,2.2,1.1,Success
FLIGHT-0369,3,0:49:22,0:51:04,1.7,1.02,1.28,Success
FLIGHT-0370,3,0:53:30,0:57:39,4.15,2.49,1.31,Success
FLIGHT-0371,3,1:04:38,1:08:12,3.57,2.14,1.19,Success
FLIGHT-0372,3,1:13:03,1:14:34,1.52,0.91,1.04,Warning_HighWind
FLIGHT-0373,3,1:18:29,1:20:06,1.62,0.97,1.37,Success
FLIGHT-0374,3,1:26:52,1:29:08,2.27,1.36,0.8,Success
FLIGHT-0375,3,1:33:08,1:35:32,2.4,1.44,1.63,Success
FLIGHT-0376,3,1:37:34,1:41:27,3.88,2.33,1.07,Success
FLIGHT-0377,3,1:45:24,1:46:58,1.57,0.94,1.61,Success
FLIGHT-0378,3,1:53:43,1:57:41,3.97,2.38,0.64,Success
FLIGHT-0379,3,2:04:28,2:08:38,4.17,2.5,1.41,Success
FLIGHT-0380,3,2:12:59,2:15:04,2.08,1.25,0.95,Success
FLIGHT-0381,3,2:22:44,2:24:15,1.52,0.91,1.91,Success
FLIGHT-0382,3,2:29:14,2:33:53,4.65,2.79,1.17,Success
FLIGHT-0383,3,2:38:15,2:41:10,2.92,1.75,1.35,Success
FLIGHT-0384,3,2:43:58,2:46:09,2.18,1.31,1.31,Success
FLIGHT-0385,3,2:50:46,2:55:41,4.92,2.95,1.71,Success
FLIGHT-0386,3,2:58:53,3:02:45,3.87,2.32,1.1,Success
FLIGHT-0387,3,3:08:10,3:09:59,1.82,1.09,1.36,Warning_HighWind
FLIGHT-0388,3,3:16:11,3:18:34,2.38,1.43,0.97,Success
FLIGHT-0389,3,3:26:09,3:28:32,2.38,1.43,1.74,Success
FLIGHT-0390,3,3:30:56,3:34:46,3.83,2.3,1.05,Success
FLIGHT-0391,3,3:37:10,3:39:58,2.8,1.68,1.94,Success
FLIGHT-0392,3,3:43:33,3:46:34,3.02,1.81,0.97,Success
FLIGHT-0393,3,3:53:49,3:58:29,4.67,2.8,1.46,Success
FLIGHT-0394,3,4:01:28,4:05:28,4,2.4,0.73,Success
FLIGHT-0395,3,4:11:53,4:14:51,2.97,1.78,0.59,Warning_HighWind
FLIGHT-0396,3,4:17:46,4:22:42,4.93,2.96,1.98,Success
FLIGHT-0397,3,4:30:10,4:34:15,4.08,2.45,0.95,Success
FLIGHT-0398,3,4:40:26,4:43:32,3.1,1.86,1.26,Warning_HighWind
FLIGHT-0399,3,4:51:30,4:55:03,3.55,2.13,0.96,Success
FLIGHT-0400,3,5:00:53,5:05:20,4.45,2.67,0.7,Success
FLIGHT-0401,3,5:07:26,5:11:30,4.07,2.44,1.12,Success
FLIGHT-0402,3,5:14:55,5:18:37,3.7,2.22,0.52,Success
FLIGHT-0403,3,5:24:42,5:27:30,2.8,1.68,1.37,Success
FLIGHT-0404,3,5:30:34,5:32:16,1.7,1.02,0.52,Success
FLIGHT-0405,3,5:39:53,5:44:15,4.37,2.62,0.56,Success
FLIGHT-0406,3,5:49:25,5:53:23,3.97,2.38,1.77,Success
FLIGHT-0407,3,5:58:38,6:00:41,2.05,1.23,0.99,Success
FLIGHT-0408,3,6:06:33,6:11:02,4.48,2.69,1.79,Success
FLIGHT-0409,3,6:14:54,6:18:08,3.23,1.94,0.65,Success
FLIGHT-0410,3,6:22:17,6:24:46,2.48,1.49,0.61,Success
FLIGHT-0411,3,6:30:37,6:32:27,1.83,1.1,1.74,Success
FLIGHT-0412,3,6:38:00,6:42:49,4.82,2.89,0.84,Success
FLIGHT-0413,3,6:47:41,6:50:19,2.63,1.58,1.61,Success
FLIGHT-0414,3,6:57:51,7:02:40,4.82,2.89,0.63,Success
FLIGHT-0415,3,7:07:11,7:08:57,1.77,1.06,1.93,Success
FLIGHT-0416,3,7:14:44,7:18:32,3.8,2.28,1.96,Warning_HighWind
FLIGHT-0417,3,7:21:22,7:25:57,4.58,2.75,0.65,Success
FLIGHT-0418,3,7:33:16,7:37:03,3.78,2.27,0.53,Success
FLIGHT-0419,3,7:42:45,7:46:30,3.75,2.25,1.65,Success
FLIGHT-0420,3,7:49:18,7:51:23,2.08,1.25,1.42,Success
FLIGHT-0421,3,7:55:21,8:00:00,4.65,2.79,1.84,Success
FLIGHT-0422,3,8:07:46,8:09:17,1.52,0.91,1.4,Success
FLIGHT-0423,3,8:16:04,8:18:05,2.02,1.21,1.48,Success
FLIGHT-0424,3,8:23:07,8:27:57,4.83,2.9,1.06,Success
FLIGHT-0425,3,8:31:50,8:33:41,1.85,1.11,0.91,Warning_HighWind
FLIGHT-0426,3,8:38:34,8:41:56,3.37,2.02,1.47,Success
FLIGHT-0427,3,8:45:54,8:48:02,2.13,1.28,1.77,Warning_HighWind
FLIGHT-0428,3,8:52:30,8:56:05,3.58,2.15,1.76,Success
FLIGHT-0429,3,9:02:00,9:06:52,4.87,2.92,0.98,Success
FLIGHT-0430,3,9:14:39,9:16:37,1.97,1.18,1.59,Success
FLIGHT-0431,3,9:23:19,9:25:38,2.32,1.39,0.82,Success
FLIGHT-0432,3,9:32:15,9:36:35,4.33,2.6,1.64,Success
FLIGHT-0433,3,9:40:32,9:42:20,1.8,1.08,0.73,Success
FLIGHT-0434,3,9:49:00,9:52:37,3.62,2.17,1.15,Success
FLIGHT-0435,3,9:55:48,9:59:26,3.63,2.18,1.61,Success
FLIGHT-0436,3,10:05:09,10:07:42,2.55,1.53,1.7,Success
FLIGHT-0437,3,10:14:43,10:18:47,4.07,2.44,1.53,Success
FLIGHT-0438,3,10:22:12,10:25:11,2.98,1.79,1.76,GCS_Disconnect_RTL
FLIGHT-0439,3,10:29:11,10:33:22,4.18,2.51,1.64,Success
FLIGHT-0440,3,10:39:04,10:41:43,2.65,1.59,1.81,Warning_HighWind
FLIGHT-0441,3,10:45:54,10:47:43,1.82,1.09,1.67,Success
FLIGHT-0442,3,10:53:32,10:55:55,2.38,1.43,1.54,Success
FLIGHT-0443,3,11:02:14,11:06:51,4.62,2.77,1.69,Success
FLIGHT-0444,3,11:08:54,11:10:37,1.72,1.03,1.59,Success
FLIGHT-0445,3,11:16:50,11:18:43,1.88,1.13,1.51,Success
FLIGHT-0446,3,11:21:42,11:25:38,3.93,2.36,1.25,Success
FLIGHT-0447,3,11:29:26,11:32:11,2.75,1.65,1.68,Success
FLIGHT-0448,3,11:37:22,11:39:10,1.8,1.08,1.16,Success
FLIGHT-0449,3,11:44:12,11:48:07,3.92,2.35,1.06,Success
FLIGHT-0450,3,11:55:09,12:00:01,4.87,2.92,1.6,Success
FLIGHT-0451,3,12:05:18,12:06:51,1.55,0.93,1.24,Success
FLIGHT-0452,3,12:09:37,12:12:24,2.78,1.67,1.62,Success
FLIGHT-0453,3,12:19:48,12:22:18,2.5,1.5,1.97,Success
FLIGHT-0454,3,12:30:07,12:33:34,3.45,2.07,0.91,Success
FLIGHT-0455,3,12:39:38,12:43:34,3.93,2.36,0.89,Success
FLIGHT-0456,3,12:51:22,12:53:55,2.55,1.53,0.78,Success
FLIGHT-0457,3,13:00:15,13:03:24,3.15,1.89,0.7,Success
FLIGHT-0458,3,13:07:32,13:09:25,1.88,1.13,1.59,Success
FLIGHT-0459,3,13:16:40,13:19:57,3.28,1.97,0.7,Success
FLIGHT-0460,3,13:22:32,13:26:39,4.12,2.47,0.92,Success
FLIGHT-0461,3,13:31:21,13:35:53,4.53,2.72,1.86,Success
FLIGHT-0462,3,13:40:54,13:44:09,3.25,1.95,1.77,Success
FLIGHT-0463,3,13:49:56,13:54:29,4.55,2.73,0.57,Success
FLIGHT-0464,3,13:56:49,14:01:34,4.75,2.85,0.97,Success
FLIGHT-0465,3,14:06:13,14:11:05,4.87,2.92,1.95,Success
FLIGHT-0466,3,14:15:38,14:19:07,3.48,2.09,0.89,Success
FLIGHT-0467,3,14:22:28,14:25:06,2.63,1.58,1.48,Success
FLIGHT-0468,3,14:32:50,14:35:44,2.9,1.74,1.41,Success
FLIGHT-0469,3,14:40:41,14:44:07,3.43,2.06,0.84,Success
FLIGHT-0470,3,14:50:55,14:53:45,2.83,1.7,1.97,Success
FLIGHT-0471,3,14:56:27,15:00:45,4.3,2.58,1.69,Success
FLIGHT-0472,3,15:06:02,15:09:09,3.12,1.87,1.23,Success
FLIGHT-0473,3,15:13:00,15:15:26,2.43,1.46,1.5,Success
FLIGHT-0474,3,15:19:30,15:23:46,4.27,2.56,1.32,Success
FLIGHT-0475,3,15:26:44,15:30:31,3.78,2.27,1.97,Success
FLIGHT-0476,3,15:33:02,15:36:46,3.73,2.24,1.81,Success
FLIGHT-0477,3,15:42:19,15:46:11,3.87,2.32,0.81,Success
FLIGHT-0478,3,15:49:42,15:51:25,1.72,1.03,0.86,Success
FLIGHT-0479,3,15:53:50,15:57:12,3.37,2.02,0.54,Success
FLIGHT-0480,3,15:59:55,16:03:01,3.1,1.86,1.09,Success
FLIGHT-0481,3,16:09:39,16:12:37,2.97,1.78,1.1,Success
FLIGHT-0482,3,16:19:03,16:20:44,1.68,1.01,1.28,Success
FLIGHT-0483,3,16:25:27,16:28:21,2.9,1.74,0.97,Success
FLIGHT-0484,3,16:34:18,16:37:31,3.22,1.93,1.28,Success
FLIGHT-0485,3,16:43:53,16:46:42,2.82,1.69,1.79,Warning_HighWind
FLIGHT-0486,3,16:49:21,16:53:31,4.17,2.5,1.4,Success
FLIGHT-0487,3,16:58:26,17:01:42,3.27,1.96,0.97,Success
FLIGHT-0488,3,17:08:16,17:10:17,2.02,1.21,0.68,Success
FLIGHT-0489,3,17:14:25,17:16:57,2.53,1.52,1.23,Success
FLIGHT-0490,3,17:21:38,17:23:11,1.55,0.93,2,Warning_HighWind
FLIGHT-0491,3,17:27:18,17:29:14,1.93,1.16,1.53,Success
FLIGHT-0492,3,17:33:47,17:37:22,3.58,2.15,1.07,Warning_HighWind
FLIGHT-0493,3,17:43:46,17:47:11,3.42,2.05,1.88,Success
FLIGHT-0494,3,17:52:43,17:56:23,3.67,2.2,1.82,Success
FLIGHT-0495,3,18:00:58,18:05:37,4.65,2.79,1.58,Success
FLIGHT-0496,3,18:12:43,18:17:07,4.4,2.64,0.79,Success
FLIGHT-0497,3,18:21:36,18:23:22,1.77,1.06,1.76,Success
FLIGHT-0498,3,18:30:10,18:33:44,3.57,2.14,1.51,Success
FLIGHT-0499,3,18:38:19,18:40:35,2.27,1.36,0.76,Success
FLIGHT-0500,3,18:46:41,18:49:37,2.93,1.76,0.62,Success
FLIGHT-0501,3,18:56:39,18:58:46,2.12,1.27,1.04,Success
FLIGHT-0502,3,19:05:47,19:09:38,3.85,2.31,1.86,Success
FLIGHT-0503,3,19:15:49,19:18:35,2.77,1.66,1.85,Success
FLIGHT-0504,3,19:24:13,19:28:13,4,2.4,0.75,Success
FLIGHT-0505,3,19:32:34,19:35:43,3.15,1.89,1.07,Success
FLIGHT-0506,3,19:43:16,19:46:09,2.88,1.73,0.53,Success
FLIGHT-0507,3,19:49:50,19:53:49,3.98,2.39,1.79,Success
FLIGHT-0508,3,20:00:23,20:05:13,4.83,2.9,1.76,Warning_HighWind
FLIGHT-0509,3,20:08:25,20:11:58,3.55,2.13,1.74,Success
FLIGHT-0510,3,20:15:57,20:20:12,4.25,2.55,0.68,Success
FLIGHT-0511,3,20:26:36,20:29:09,2.55,1.53,1.35,Success
FLIGHT-0512,3,20:36:17,20:40:53,4.6,2.76,1.6,Success
FLIGHT-0513,3,20:47:16,20:48:47,1.52,0.91,1.5,Success
FLIGHT-0514,3,20:52:53,20:57:25,4.53,2.72,1.3,Success
FLIGHT-0515,3,21:03:52,21:05:56,2.07,1.24,0.9,Success
FLIGHT-0516,3,21:10:24,21:13:02,2.63,1.58,0.88,Success
FLIGHT-0517,3,21:18:22,21:23:00,4.63,2.78,0.55,Success
FLIGHT-0518,3,21:26:04,21:27:41,1.62,0.97,1.28,Success
FLIGHT-0519,3,21:30:56,21:35:19,4.38,2.63,1.66,Success
FLIGHT-0520,3,21:38:51,21:42:50,3.98,2.39,1.41,Success
FLIGHT-0521,3,21:47:26,21:51:54,4.47,2.68,0.86,Success
FLIGHT-0522,3,21:55:09,21:59:31,4.37,2.62,1.96,Success
FLIGHT-0523,3,22:07:17,22:11:49,4.53,2.72,1.98,Success
FLIGHT-0524,3,22:17:22,22:21:24,4.03,2.42,0.5,Success
FLIGHT-0525,3,22:28:06,22:31:51,3.75,2.25,0.86,Success
FLIGHT-0526,3,22:35:39,22:38:47,3.13,1.88,0.79,Success
FLIGHT-0527,3,22:45:58,22:50:24,4.43,2.66,1.27,GCS_Disconnect_RTL
FLIGHT-0528,3,22:55:33,22:59:18,3.75,2.25,0.56,Success
FLIGHT-0529,3,23:06:58,23:11:24,4.43,2.66,0.83,Success
FLIGHT-0530,3,23:17:16,23:18:54,1.63,0.98,1.73,Success
FLIGHT-0531,3,23:25:30,23:27:50,2.33,1.4,1.82,Success
FLIGHT-0532,3,23:33:01,23:34:41,1.67,1,0.57,Success
FLIGHT-0533,3,23:37:25,23:38:55,1.5,0.9,1.08,Success
FLIGHT-0534,3,23:42:43,23:44:24,1.68,1.01,1.51,Success
FLIGHT-0535,3,23:50:33,23:55:19,4.77,2.86,0.5,Success
FLIGHT-0536,3,24:00:53,24:05:19,4.43,2.66,1.41,Success
FLIGHT-0537,3,24:09:59,24:13:35,3.6,2.16,1.49,Success
FLIGHT-0538,3,24:16:58,24:20:20,3.37,2.02,0.61,Success
FLIGHT-0539,3,24:26:37,24:31:17,4.67,2.8,1.47,Success
FLIGHT-0540,3,24:37:42,24:41:33,3.85,2.31,1.45,Warning_HighWind
FLIGHT-0541,3,24:44:00,24:45:32,1.53,0.92,1.59,Success
FLIGHT-0542,3,24:50:17,24:53:57,3.67,2.2,1.3,GCS_Disconnect_RTL
FLIGHT-0543,4,0:00:24,0:04:36,4.2,2.52,1.17,Success
FLIGHT-0544,4,0:12:32,0:15:03,2.52,1.51,1.34,Success
FLIGHT-0545,4,0:21:56,0:23:53,1.95,1.17,1.08,Success
FLIGHT-0546,4,0:27:05,0:31:35,4.5,2.7,1.79,Success
FLIGHT-0547,4,0:38:22,0:43:06,4.73,2.84,1.18,Success
FLIGHT-0548,4,0:45:28,0:48:41,3.22,1.93,1.83,Success
FLIGHT-0549,4,0:52:38,0:55:47,3.15,1.89,1.09,Success
FLIGHT-0550,4,1:00:22,1:04:36,4.23,2.54,1.47,Success
FLIGHT-0551,4,1:07:22,1:11:19,3.95,2.37,1.01,Success
FLIGHT-0552,4,1:15:24,1:19:12,3.8,2.28,0.97,Success
FLIGHT-0553,4,1:24:07,1:27:32,3.42,2.05,1.37,Success
FLIGHT-0554,4,1:31:24,1:34:42,3.3,1.98,1.96,Success
FLIGHT-0555,4,1:37:48,1:40:32,2.73,1.64,0.7,Success
FLIGHT-0556,4,1:46:25,1:48:45,2.33,1.4,0.54,Success
FLIGHT-0557,4,1:51:14,1:55:33,4.32,2.59,1.85,Success
FLIGHT-0558,4,2:03:29,2:05:33,2.07,1.24,1.83,Success
FLIGHT-0559,4,2:12:17,2:15:03,2.77,1.66,1.41,Success
FLIGHT-0560,4,2:20:46,2:22:37,1.85,1.11,1.31,Success
FLIGHT-0561,4,2:27:18,2:30:36,3.3,1.98,1.64,Success
FLIGHT-0562,4,2:33:17,2:36:24,3.12,1.87,0.89,Success
FLIGHT-0563,4,2:38:44,2:40:57,2.22,1.33,1.75,Success
FLIGHT-0564,4,2:47:36,2:51:10,3.57,2.14,1.17,Success
FLIGHT-0565,4,2:57:42,3:00:50,3.13,1.88,1.82,Success
FLIGHT-0566,4,3:06:59,3:08:47,1.8,1.08,0.8,Success
FLIGHT-0567,4,3:13:11,3:16:21,3.17,1.9,1.31,Success
FLIGHT-0568,4,3:20:17,3:23:24,3.12,1.87,1.58,Success
FLIGHT-0569,4,3:27:52,3:31:40,3.8,2.28,1.32,Success
FLIGHT-0570,4,3:34:25,3:36:06,1.68,1.01,1.95,Warning_HighWind
FLIGHT-0571,4,3:39:53,3:42:14,2.35,1.41,1.8,Success
FLIGHT-0572,4,3:45:55,3:48:39,2.73,1.64,0.8,Success
FLIGHT-0573,4,3:54:01,3:58:42,4.68,2.81,1.24,Success
FLIGHT-0574,4,4:04:20,4:07:11,2.85,1.71,1.17,Success
FLIGHT-0575,4,4:11:53,4:14:10,2.28,1.37,1.99,GCS_Disconnect_RTL
FLIGHT-0576,4,4:21:46,4:25:08,3.37,2.02,0.95,Success
FLIGHT-0577,4,4:32:30,4:37:06,4.6,2.76,0.55,Warning_HighWind
FLIGHT-0578,4,4:42:33,4:45:56,3.38,2.03,1.22,Success
FLIGHT-0579,4,4:48:49,4:52:36,3.78,2.27,0.7,Success
FLIGHT-0580,4,4:57:49,5:02:07,4.3,2.58,0.92,Success
FLIGHT-0581,4,5:09:09,5:13:21,4.2,2.52,2,Success
FLIGHT-0582,4,5:20:47,5:22:46,1.98,1.19,0.52,Success
FLIGHT-0583,4,5:24:46,5:28:38,3.87,2.32,0.71,Success
FLIGHT-0584,4,5:32:45,5:37:35,4.83,2.9,1.65,Success
FLIGHT-0585,4,5:41:18,5:43:10,1.87,1.12,1.23,Success
FLIGHT-0586,4,5:51:07,5:53:51,2.73,1.64,1.02,Success
FLIGHT-0587,4,5:58:43,6:00:46,2.05,1.23,0.51,Success
FLIGHT-0588,4,6:03:51,6:08:08,4.28,2.57,0.67,Success
FLIGHT-0589,4,6:16:05,6:20:42,4.62,2.77,0.72,Success
FLIGHT-0590,4,6:27:31,6:29:39,2.13,1.28,1.1,Success
FLIGHT-0591,4,6:32:33,6:34:29,1.93,1.16,0.53,Success
FLIGHT-0592,4,6:40:21,6:44:28,4.12,2.47,1.97,Success
FLIGHT-0593,4,6:51:40,6:53:34,1.9,1.14,0.68,Success
FLIGHT-0594,4,6:56:47,6:58:26,1.65,0.99,1.73,Success
FLIGHT-0595,4,7:00:39,7:05:06,4.45,2.67,1.57,Success
FLIGHT-0596,4,7:07:27,7:09:26,1.98,1.19,1.28,Success
FLIGHT-0597,4,7:11:37,7:15:05,3.47,2.08,0.74,Success
FLIGHT-0598,4,7:19:11,7:21:55,2.73,1.64,0.91,Success
FLIGHT-0599,4,7:27:55,7:30:57,3.03,1.82,0.57,Success
FLIGHT-0600,4,7:38:39,7:41:36,2.95,1.77,1.76,Success
FLIGHT-0601,4,7:48:55,7:53:01,4.1,2.46,1.9,Success
FLIGHT-0602,4,7:57:17,8:01:21,4.07,2.44,1.8,Success
FLIGHT-0603,4,8:08:27,8:12:17,3.83,2.3,1.13,Success
FLIGHT-0604,4,8:17:15,8:21:29,4.23,2.54,0.67,Success
FLIGHT-0605,4,8:28:44,8:32:13,3.48,2.09,1.51,Success
FLIGHT-0606,4,8:38:07,8:39:49,1.7,1.02,0.77,Success
FLIGHT-0607,4,8:46:29,8:49:32,3.05,1.83,0.9,Success
FLIGHT-0608,4,8:56:24,8:58:35,2.18,1.31,0.66,Success
FLIGHT-0609,4,9:01:15,9:04:23,3.13,1.88,1.19,Success
FLIGHT-0610,4,9:10:18,9:13:32,3.23,1.94,0.58,Success
FLIGHT-0611,4,9:17:11,9:19:11,2,1.2,1.58,Success
FLIGHT-0612,4,9:26:20,9:30:53,4.55,2.73,1.47,Success
FLIGHT-0613,4,9:36:49,9:41:00,4.18,2.51,1.09,Warning_HighWind
FLIGHT-0614,4,9:43:02,9:44:59,1.95,1.17,1.96,Success
FLIGHT-0615,4,9:52:08,9:56:39,4.52,2.71,1.37,Success
FLIGHT-0616,4,9:58:51,10:01:17,2.43,1.46,1.73,Success
FLIGHT-0617,4,10:08:19,10:10:41,2.37,1.42,1.53,Success
FLIGHT-0618,4,10:16:58,10:19:48,2.83,1.7,0.69,Success
FLIGHT-0619,4,10:23:38,10:26:49,3.18,1.91,1.3,GCS_Disconnect_RTL
FLIGHT-0620,4,10:31:39,10:35:41,4.03,2.42,1.95,Success
FLIGHT-0621,4,10:43:20,10:46:48,3.47,2.08,1.66,Success
FLIGHT-0622,4,10:51:53,10:56:46,4.88,2.93,0.69,Success
FLIGHT-0623,4,11:02:27,11:06:38,4.18,2.51,0.77,Success
FLIGHT-0624,4,11:11:10,11:13:12,2.03,1.22,1.61,Success
FLIGHT-0625,4,11:15:23,11:17:08,1.75,1.05,1.35,Success
FLIGHT-0626,4,11:22:55,11:26:15,3.33,2,1.51,Success
FLIGHT-0627,4,11:31:51,11:36:40,4.82,2.89,0.81,Success
FLIGHT-0628,4,11:41:16,11:44:23,3.12,1.87,1.4,Success
FLIGHT-0629,4,11:50:00,11:51:33,1.55,0.93,1.94,Warning_HighWind
FLIGHT-0630,4,11:55:08,11:59:35,4.45,2.67,1.47,Success
FLIGHT-0631,4,12:01:51,12:04:19,2.47,1.48,1.59,Success
FLIGHT-0632,4,12:06:43,12:10:30,3.78,2.27,0.97,Success
FLIGHT-0633,4,12:18:29,12:21:06,2.62,1.57,1.08,Success
FLIGHT-0634,4,12:23:54,12:28:18,4.4,2.64,1.88,Success
FLIGHT-0635,4,12:31:04,12:35:12,4.13,2.48,1.56,Success
FLIGHT-0636,4,12:37:16,12:40:09,2.88,1.73,1.45,Success
FLIGHT-0637,4,12:45:54,12:47:38,1.73,1.04,1.03,Warning_HighWind
FLIGHT-0638,4,12:54:31,12:57:02,2.52,1.51,1.71,Success
FLIGHT-0639,4,13:02:44,13:04:16,1.53,0.92,0.75,Success
FLIGHT-0640,4,13:10:10,13:13:27,3.28,1.97,1.77,Warning_HighWind
FLIGHT-0641,4,13:15:37,13:18:41,3.07,1.84,0.86,Warning_HighWind
FLIGHT-0642,4,13:26:35,13:28:52,2.28,1.37,1.11,Warning_HighWind
FLIGHT-0643,4,13:36:23,13:40:11,3.8,2.28,1.19,Warning_HighWind
FLIGHT-0644,4,13:48:08,13:51:35,3.45,2.07,0.52,Success
FLIGHT-0645,4,13:58:19,14:00:47,2.47,1.48,1.03,Success
FLIGHT-0646,4,14:08:22,14:13:05,4.72,2.83,1.95,Success
FLIGHT-0647,4,14:20:56,14:23:59,3.05,1.83,1.46,Success
FLIGHT-0648,4,14:27:26,14:30:21,2.92,1.75,1.78,Success
FLIGHT-0649,4,14:32:56,14:36:06,3.17,1.9,1.07,Success
FLIGHT-0650,4,14:41:41,14:46:00,4.32,2.59,0.98,Success
FLIGHT-0651,4,14:49:30,14:51:21,1.85,1.11,1.14,Success
FLIGHT-0652,4,14:55:41,15:00:03,4.37,2.62,0.68,Success
FLIGHT-0653,4,15:04:37,15:06:40,2.05,1.23,1.99,Success
FLIGHT-0654,4,15:12:40,15:15:16,2.6,1.56,1.09,Success
FLIGHT-0655,4,15:19:08,15:22:20,3.2,1.92,1.37,Success
FLIGHT-0656,4,15:26:15,15:29:17,3.03,1.82,1.35,Success
FLIGHT-0657,4,15:33:10,15:34:40,1.5,0.9,0.79,Warning_HighWind
FLIGHT-0658,4,15:41:05,15:43:33,2.47,1.48,0.83,Success
FLIGHT-0659,4,15:50:10,15:53:17,3.12,1.87,1.52,Success
FLIGHT-0660,4,15:59:32,16:03:20,3.8,2.28,1.34,Success
FLIGHT-0661,4,16:07:08,16:11:45,4.62,2.77,1.15,Warning_HighWind
FLIGHT-0662,4,16:15:57,16:19:55,3.97,2.38,1.64,Success
FLIGHT-0663,4,16:25:56,16:29:21,3.42,2.05,0.81,Success
FLIGHT-0664,4,16:33:12,16:36:24,3.2,1.92,0.55,Success
FLIGHT-0665,4,16:42:54,16:47:08,4.23,2.54,1.19,Success
FLIGHT-0666,4,16:52:16,16:56:29,4.22,2.53,1.54,Success
FLIGHT-0667,4,17:03:51,17:05:54,2.05,1.23,1.81,Success
FLIGHT-0668,4,17:12:32,17:15:50,3.3,1.98,0.56,Success
FLIGHT-0669,4,17:23:02,17:27:39,4.62,2.77,1.28,Success
FLIGHT-0670,4,17:31:21,17:35:36,4.25,2.55,0.52,Success
FLIGHT-0671,4,17:43:17,17:45:33,2.27,1.36,0.79,Success
FLIGHT-0672,4,17:51:31,17:55:49,4.3,2.58,1.77,Success
FLIGHT-0673,4,18:00:58,18:04:08,3.17,1.9,1.57,Success
FLIGHT-0674,4,18:06:54,18:10:21,3.45,2.07,1.11,Success
FLIGHT-0675,4,18:17:30,18:21:28,3.97,2.38,0.72,Success
FLIGHT-0676,4,18:26:49,18:28:50,2.02,1.21,0.75,Success
FLIGHT-0677,4,18:33:08,18:34:47,1.65,0.99,1.22,Success
FLIGHT-0678,4,18:38:37,18:42:39,4.03,2.42,0.69,Success
FLIGHT-0679,4,18:47:49,18:50:09,2.33,1.4,1.05,Warning_HighWind
FLIGHT-0680,4,18:53:52,18:55:36,1.73,1.04,1.57,Success
FLIGHT-0681,4,19:00:22,19:03:57,3.58,2.15,1.02,Success
FLIGHT-0682,4,19:07:09,19:10:59,3.83,2.3,0.82,Success
FLIGHT-0683,4,19:18:35,19:21:07,2.53,1.52,1.65,Success
FLIGHT-0684,4,19:26:18,19:28:52,2.57,1.54,0.97,Success
FLIGHT-0685,4,19:36:43,19:40:20,3.62,2.17,1.86,Success
FLIGHT-0686,4,19:43:37,19:46:04,2.45,1.47,1.42,Success
FLIGHT-0687,4,19:51:39,19:54:07,2.47,1.48,1.25,Success
FLIGHT-0688,4,19:58:54,20:01:46,2.87,1.72,1.14,Success
FLIGHT-0689,4,20:03:58,20:06:31,2.55,1.53,1.57,Warning_HighWind
FLIGHT-0690,4,20:09:13,20:14:04,4.85,2.91,1.71,Success
FLIGHT-0691,4,20:16:05,20:19:34,3.48,2.09,1.72,Success
FLIGHT-0692,4,20:24:59,20:29:32,4.55,2.73,1.9,Success
FLIGHT-0693,4,20:34:30,20:39:29,4.98,2.99,0.87,Success
FLIGHT-0694,4,20:41:40,20:45:15,3.58,2.15,1.09,Success
FLIGHT-0695,4,20:48:51,20:50:25,1.57,0.94,1.6,Success
FLIGHT-0696,4,20:53:23,20:55:25,2.03,1.22,0.93,Success
FLIGHT-0697,4,21:00:41,21:04:13,3.53,2.12,0.58,Success
FLIGHT-0698,4,21:08:33,21:11:26,2.88,1.73,1.51,Success
FLIGHT-0699,4,21:15:33,21:17:56,2.38,1.43,1.4,Warning_HighWind
FLIGHT-0700,4,21:25:14,21:30:05,4.85,2.91,1.87,Success
FLIGHT-0701,4,21:35:26,21:37:12,1.77,1.06,0.65,Success
FLIGHT-0702,4,21:42:00,21:46:46,4.77,2.86,0.78,Success
FLIGHT-0703,4,21:51:42,21:56:35,4.88,2.93,0.61,Success
FLIGHT-0704,4,22:03:25,22:08:22,4.95,2.97,1.45,Success
FLIGHT-0705,4,22:12:55,22:17:15,4.33,2.6,1.39,Success
FLIGHT-0706,4,22:19:34,22:21:44,2.17,1.3,0.64,Success
FLIGHT-0707,4,22:29:05,22:33:12,4.12,2.47,1.46,Success
FLIGHT-0708,4,22:39:54,22:41:33,1.65,0.99,1.18,Success
FLIGHT-0709,4,22:45:12,22:47:40,2.47,1.48,1.4,Success
FLIGHT-0710,4,22:52:13,22:53:52,1.65,0.99,1.42,Success
FLIGHT-0711,4,22:59:59,23:01:50,1.85,1.11,1.44,Success
FLIGHT-0712,4,23:08:50,23:11:27,2.62,1.57,1.9,Success
FLIGHT-0713,4,23:15:44,23:19:57,4.22,2.53,1.59,Success
FLIGHT-0714,4,23:26:18,23:30:43,4.42,2.65,1.5,Success
FLIGHT-0715,4,23:35:40,23:39:52,4.2,2.52,1.84,Success
FLIGHT-0716,4,23:46:22,23:50:03,3.68,2.21,1.15,GCS_Disconnect_RTL
FLIGHT-0717,4,23:56:10,23:59:11,3.02,1.81,1.42,Success
FLIGHT-0718,4,24:04:42,24:08:59,4.28,2.57,1.48,Success
FLIGHT-0719,4,24:11:45,24:14:17,2.53,1.52,1.03,Success
FLIGHT-0720,4,24:21:06,24:23:15,2.15,1.29,1.03,Success
FLIGHT-0721,4,24:27:55,24:30:39,2.73,1.64,1.39,Success
FLIGHT-0722,4,24:38:16,24:40:23,2.12,1.27,1.07,Success
FLIGHT-0723,4,24:45:16,24:48:56,3.67,2.2,1.43,Success
FLIGHT-0724,4,24:54:53,24:56:30,1.62,0.97,0.6,Success
FLIGHT-0725,5,0:00:16,0:03:14,2.97,1.78,1,Success
FLIGHT-0726,5,0:05:50,0:09:36,3.77,2.26,0.55,Success
FLIGHT-0727,5,0:12:33,0:15:49,3.27,1.96,1.46,Success
FLIGHT-0728,5,0:19:42,0:22:58,3.27,1.96,1.9,Success
FLIGHT-0729,5,0:27:27,0:31:15,3.8,2.28,1.4,Success
FLIGHT-0730,5,0:35:29,0:37:59,2.5,1.5,1.2,Success
FLIGHT-0731,5,0:42:07,0:44:31,2.4,1.44,1.57,Success
FLIGHT-0732,5,0:48:12,0:50:19,2.12,1.27,0.67,Success
FLIGHT-0733,5,0:58:06,0:59:56,1.83,1.1,1.62,Success
FLIGHT-0734,5,1:03:18,1:05:22,2.07,1.24,1.71,Success
FLIGHT-0735,5,1:12:04,1:14:29,2.42,1.45,1.33,Success
FLIGHT-0736,5,1:17:20,1:20:17,2.95,1.77,1.68,Success
FLIGHT-0737,5,1:28:08,1:31:50,3.7,2.22,0.99,Success
FLIGHT-0738,5,1:38:44,1:41:33,2.82,1.69,1.81,Success
FLIGHT-0739,5,1:45:21,1:47:25,2.07,1.24,1.02,Success
FLIGHT-0740,5,1:50:51,1:55:49,4.97,2.98,1.02,Success
FLIGHT-0741,5,2:01:22,2:06:12,4.83,2.9,0.74,Success
FLIGHT-0742,5,2:08:57,2:12:22,3.42,2.05,0.84,Success
FLIGHT-0743,5,2:16:05,2:18:59,2.9,1.74,1.58,Success
FLIGHT-0744,5,2:23:28,2:25:30,2.03,1.22,1.02,Success
FLIGHT-0745,5,2:29:31,2:33:18,3.78,2.27,1.45,Success
FLIGHT-0746,5,2:39:11,2:41:08,1.95,1.17,0.97,Success
FLIGHT-0747,5,2:45:14,2:49:10,3.93,2.36,1,Success
FLIGHT-0748,5,2:53:26,2:57:50,4.4,2.64,1.63,Success
FLIGHT-0749,5,3:02:44,3:07:26,4.7,2.82,0.81,Success
FLIGHT-0750,5,3:10:58,3:15:23,4.42,2.65,1.92,Success
FLIGHT-0751,5,3:22:39,3:26:45,4.1,2.46,1.16,Warning_HighWind
FLIGHT-0752,5,3:33:13,3:35:51,2.63,1.58,1.65,Success
FLIGHT-0753,5,3:39:33,3:41:55,2.37,1.42,1.66,Success
FLIGHT-0754,5,3:48:05,3:51:45,3.67,2.2,1.34,Success
FLIGHT-0755,5,3:56:08,3:58:02,1.9,1.14,1.6,Success
FLIGHT-0756,5,4:01:34,4:04:29,2.92,1.75,1.76,Success
FLIGHT-0757,5,4:10:21,4:15:09,4.8,2.88,1.18,Success
FLIGHT-0758,5,4:21:39,4:25:19,3.67,2.2,0.52,Success
FLIGHT-0759,5,4:29:44,4:34:12,4.47,2.68,0.92,Success
FLIGHT-0760,5,4:36:17,4:41:10,4.88,2.93,0.77,Success
FLIGHT-0761,5,4:45:05,4:47:31,2.43,1.46,1.97,Success
FLIGHT-0762,5,4:55:05,4:56:54,1.82,1.09,2,Success
FLIGHT-0763,5,5:04:32,5:06:04,1.53,0.92,1.03,Success
FLIGHT-0764,5,5:09:05,5:12:46,3.68,2.21,1.2,Success
FLIGHT-0765,5,5:16:32,5:19:37,3.08,1.85,0.51,Success
FLIGHT-0766,5,5:22:25,5:26:11,3.77,2.26,0.51,Success
FLIGHT-0767,5,5:31:37,5:33:54,2.28,1.37,0.6,Success
FLIGHT-0768,5,5:41:50,5:45:11,3.35,2.01,1.63,Success
FLIGHT-0769,5,5:50:39,5:53:47,3.13,1.88,1.51,Success
FLIGHT-0770,5,5:56:57,5:59:58,3.02,1.81,0.79,Success
FLIGHT-0771,5,6:05:32,6:09:12,3.67,2.2,1.15,Success
FLIGHT-0772,5,6:15:16,6:17:47,2.52,1.51,0.73,Success
FLIGHT-0773,5,6:20:40,6:22:25,1.75,1.05,0.8,Success
FLIGHT-0774,5,6:25:58,6:30:51,4.88,2.93,1.59,Success
FLIGHT-0775,5,6:36:28,6:37:59,1.52,0.91,0.7,Success
FLIGHT-0776,5,6:45:16,6:48:38,3.37,2.02,0.91,Success
FLIGHT-0777,5,6:53:23,6:58:07,4.73,2.84,1.45,Success
FLIGHT-0778,5,7:02:42,7:06:40,3.97,2.38,1.54,Success
FLIGHT-0779,5,7:13:17,7:16:00,2.72,1.63,1.49,Success
FLIGHT-0780,5,7:22:38,7:26:06,3.47,2.08,0.78,Success
FLIGHT-0781,5,7:31:29,7:35:39,4.17,2.5,1.15,Success
FLIGHT-0782,5,7:38:48,7:42:22,3.57,2.14,1.82,Success
FLIGHT-0783,5,7:46:21,7:48:36,2.25,1.35,1.5,Success
FLIGHT-0784,5,7:53:42,7:57:48,4.1,2.46,1.15,Success
FLIGHT-0785,5,8:04:11,8:06:55,2.73,1.64,1.72,Success
FLIGHT-0786,5,8:09:21,8:11:10,1.82,1.09,1.85,Warning_HighWind
FLIGHT-0787,5,8:14:10,8:19:01,4.85,2.91,0.51,Success
FLIGHT-0788,5,8:25:13,8:26:55,1.7,1.02,0.7,Success
FLIGHT-0789,5,8:33:58,8:36:02,2.07,1.24,0.52,Success
FLIGHT-0790,5,8:43:57,8:48:06,4.15,2.49,0.7,GCS_Disconnect_RTL
FLIGHT-0791,5,8:50:08,8:55:05,4.95,2.97,1.12,Success
FLIGHT-0792,5,8:58:12,9:00:42,2.5,1.5,1.46,Success
FLIGHT-0793,5,9:03:42,9:08:02,4.33,2.6,1.37,Success
FLIGHT-0794,5,9:12:20,9:15:39,3.32,1.99,1.06,Success
FLIGHT-0795,5,9:18:29,9:22:27,3.97,2.38,1.97,Success
FLIGHT-0796,5,9:27:12,9:31:14,4.03,2.42,1.26,Warning_HighWind
FLIGHT-0797,5,9:35:48,9:38:12,2.4,1.44,1.8,Success
FLIGHT-0798,5,9:42:24,9:45:20,2.93,1.76,1.54,Success
FLIGHT-0799,5,9:52:58,9:55:32,2.57,1.54,1.45,Success
FLIGHT-0800,5,10:01:05,10:05:29,4.4,2.64,1.18,Warning_HighWind
FLIGHT-0801,5,10:09:20,10:13:30,4.17,2.5,1.41,Success
FLIGHT-0802,5,10:17:27,10:19:16,1.82,1.09,1.94,Success
FLIGHT-0803,5,10:22:49,10:24:31,1.7,1.02,0.73,Success
FLIGHT-0804,5,10:31:22,10:35:53,4.52,2.71,1.37,Success
FLIGHT-0805,5,10:40:22,10:44:19,3.95,2.37,0.55,Success
FLIGHT-0806,5,10:48:26,10:51:19,2.88,1.73,1.82,Success
FLIGHT-0807,5,10:53:25,10:58:22,4.95,2.97,1.79,Success
FLIGHT-0808,5,11:03:22,11:06:19,2.95,1.77,1.83,Success
FLIGHT-0809,5,11:13:11,11:18:09,4.97,2.98,1.43,Warning_HighWind
FLIGHT-0810,5,11:21:43,11:25:09,3.43,2.06,0.59,Success
FLIGHT-0811,5,11:29:07,11:30:48,1.68,1.01,1.73,Success
FLIGHT-0812,5,11:32:58,11:36:05,3.12,1.87,0.61,Success
FLIGHT-0813,5,11:42:40,11:44:59,2.32,1.39,0.9,Success
FLIGHT-0814,5,11:48:22,11:52:02,3.67,2.2,1.98,Success
FLIGHT-0815,5,11:57:57,12:00:22,2.42,1.45,0.73,Success
FLIGHT-0816,5,12:03:54,12:06:57,3.05,1.83,0.53,Success
FLIGHT-0817,5,12:11:01,12:12:43,1.7,1.02,0.59,Success
FLIGHT-0818,5,12:18:25,12:21:16,2.85,1.71,1.01,Success
FLIGHT-0819,5,12:27:53,12:31:32,3.65,2.19,1.74,Success
FLIGHT-0820,5,12:36:41,12:41:27,4.77,2.86,1.22,Success
FLIGHT-0821,5,12:49:21,12:53:42,4.35,2.61,0.91,Success
FLIGHT-0822,5,12:59:48,13:02:14,2.43,1.46,1.57,Success
FLIGHT-0823,5,13:08:51,13:12:41,3.83,2.3,1.02,Success
FLIGHT-0824,5,13:16:26,13:18:10,1.73,1.04,0.57,Success
FLIGHT-0825,5,13:20:41,13:24:27,3.77,2.26,1.91,Success
FLIGHT-0826,5,13:31:59,13:36:56,4.95,2.97,1.48,Success
FLIGHT-0827,5,13:44:22,13:46:39,2.28,1.37,1.11,Success
FLIGHT-0828,5,13:54:23,13:56:54,2.52,1.51,1.85,Success
FLIGHT-0829,5,14:00:10,14:04:47,4.62,2.77,1.23,Success
FLIGHT-0830,5,14:07:25,14:10:06,2.68,1.61,1.06,Success
FLIGHT-0831,5,14:14:05,14:16:27,2.37,1.42,0.92,Success
FLIGHT-0832,5,14:22:12,14:27:09,4.95,2.97,0.93,Warning_HighWind
FLIGHT-0833,5,14:30:20,14:32:51,2.52,1.51,0.71,Success
FLIGHT-0834,5,14:39:06,14:43:42,4.6,2.76,1.01,Success
FLIGHT-0835,5,14:51:06,14:55:45,4.65,2.79,1.98,Success
FLIGHT-0836,5,15:01:17,15:04:10,2.88,1.73,0.87,GCS_Disconnect_RTL
FLIGHT-0837,5,15:08:16,15:12:35,4.32,2.59,1.69,Success
FLIGHT-0838,5,15:19:07,15:23:08,4.02,2.41,1.23,Warning_HighWind
FLIGHT-0839,5,15:28:01,15:30:42,2.68,1.61,0.81,Success
FLIGHT-0840,5,15:36:30,15:40:35,4.08,2.45,1.64,Success
FLIGHT-0841,5,15:46:04,15:49:58,3.9,2.34,1.56,Warning_HighWind
FLIGHT-0842,5,15:55:55,15:58:58,3.05,1.83,1.21,Success
FLIGHT-0843,5,16:02:49,16:05:13,2.4,1.44,1.47,Success
FLIGHT-0844,5,16:10:12,16:15:03,4.85,2.91,1.66,Success
FLIGHT-0845,5,16:22:15,16:24:36,2.35,1.41,1.89,Warning_HighWind
FLIGHT-0846,5,16:32:06,16:35:13,3.12,1.87,0.82,Success
FLIGHT-0847,5,16:41:09,16:46:04,4.92,2.95,1.87,Success
FLIGHT-0848,5,16:52:31,16:55:05,2.57,1.54,1.42,Success
FLIGHT-0849,5,16:58:47,17:03:07,4.33,2.6,1.48,Success
FLIGHT-0850,5,17:08:39,17:11:33,2.9,1.74,1.75,Warning_HighWind
FLIGHT-0851,5,17:15:14,17:19:28,4.23,2.54,1.62,Success
FLIGHT-0852,5,17:25:14,17:28:38,3.4,2.04,1.02,Success
FLIGHT-0853,5,17:31:40,17:34:53,3.22,1.93,1.9,Success
FLIGHT-0854,5,17:39:19,17:43:52,4.55,2.73,0.98,Success
FLIGHT-0855,5,17:49:55,17:52:32,2.62,1.57,1.03,Warning_HighWind
FLIGHT-0856,5,17:59:00,18:01:21,2.35,1.41,1.52,Success
FLIGHT-0857,5,18:06:28,18:09:20,2.87,1.72,0.97,Success
FLIGHT-0858,5,18:16:03,18:19:41,3.63,2.18,0.63,Warning_HighWind
FLIGHT-0859,5,18:25:08,18:28:31,3.38,2.03,1.89,Success
FLIGHT-0860,5,18:33:34,18:36:19,2.75,1.65,0.91,Success
FLIGHT-0861,5,18:43:08,18:45:44,2.6,1.56,0.87,Success
FLIGHT-0862,5,18:52:25,18:56:22,3.95,2.37,1.63,Success
FLIGHT-0863,5,18:58:26,19:03:10,4.73,2.84,1.64,GCS_Disconnect_RTL
FLIGHT-0864,5,19:06:54,19:11:24,4.5,2.7,0.87,Success
FLIGHT-0865,5,19:19:03,19:22:52,3.82,2.29,1.86,Success
FLIGHT-0866,5,19:27:00,19:29:58,2.97,1.78,1.59,Warning_HighWind
FLIGHT-0867,5,19:37:37,19:42:03,4.43,2.66,1.73,Success
FLIGHT-0868,5,19:48:56,19:52:48,3.87,2.32,1.92,Success
FLIGHT-0869,5,19:55:12,19:57:02,1.83,1.1,1.38,Success
FLIGHT-0870,5,20:00:53,20:04:10,3.28,1.97,1.6,Success
FLIGHT-0871,5,20:09:56,20:13:09,3.22,1.93,1.49,Warning_HighWind
FLIGHT-0872,5,20:20:53,20:25:22,4.48,2.69,0.52,Success
FLIGHT-0873,5,20:27:26,20:30:57,3.52,2.11,1.37,Success
FLIGHT-0874,5,20:36:53,20:40:04,3.18,1.91,0.82,Success
FLIGHT-0875,5,20:48:03,20:52:40,4.62,2.77,1.43,Success
FLIGHT-0876,5,20:56:09,21:01:03,4.9,2.94,1.35,Success
FLIGHT-0877,5,21:06:42,21:10:13,3.52,2.11,1.69,Success
FLIGHT-0878,5,21:15:16,21:19:27,4.18,2.51,0.58,Success
FLIGHT-0879,5,21:26:04,21:28:13,2.15,1.29,1.98,Success
FLIGHT-0880,5,21:33:14,21:37:33,4.32,2.59,1.74,Success
FLIGHT-0881,5,21:43:00,21:44:37,1.62,0.97,0.74,Success
FLIGHT-0882,5,21:48:57,21:52:51,3.9,2.34,1.75,Success
FLIGHT-0883,5,21:57:33,22:00:52,3.32,1.99,0.77,Success
FLIGHT-0884,5,22:07:34,22:09:16,1.7,1.02,1.19,Success
FLIGHT-0885,5,22:11:21,22:16:07,4.77,2.86,1.9,Success
FLIGHT-0886,5,22:18:32,22:20:48,2.27,1.36,1.21,Success
FLIGHT-0887,5,22:26:49,22:30:44,3.92,2.35,1,Warning_HighWind
FLIGHT-0888,5,22:33:27,22:36:55,3.47,2.08,1.27,Success
FLIGHT-0889,5,22:44:31,22:48:43,4.2,2.52,1.03,Success
FLIGHT-0890,5,22:51:26,22:54:39,3.22,1.93,0.98,Success
FLIGHT-0891,5,22:57:28,23:00:02,2.57,1.54,1.17,Success
FLIGHT-0892,5,23:04:09,23:08:00,3.85,2.31,0.92,Success
FLIGHT-0893,5,23:14:55,23:19:31,4.6,2.76,0.54,Warning_HighWind
FLIGHT-0894,5,23:27:16,23:29:13,1.95,1.17,1.28,Success
FLIGHT-0895,5,23:33:28,23:35:21,1.88,1.13,1.95,Success
FLIGHT-0896,5,23:41:44,23:44:24,2.67,1.6,1.9,Warning_HighWind
FLIGHT-0897,5,23:51:36,23:56:33,4.95,2.97,1.1,Success
FLIGHT-0898,5,24:01:49,24:05:15,3.43,2.06,1.14,Success
FLIGHT-0899,5,24:10:07,24:14:07,4,2.4,1.75,Success
FLIGHT-0900,5,24:17:54,24:19:27,1.55,0.93,1.65,Success
FLIGHT-0901,5,24:25:57,24:30:14,4.28,2.57,1.32,Success
FLIGHT-0902,5,24:32:19,24:35:40,3.35,2.01,1.83,Success
FLIGHT-0903,5,24:42:38,24:46:32,3.9,2.34,1.55,Success
FLIGHT-0904,5,24:52:05,24:56:52,4.78,2.87,1.16,Success
FLIGHT-0905,6,0:02:58,0:04:38,1.67,1,1.18,Success
FLIGHT-0906,6,0:07:53,0:10:49,2.93,1.76,1.19,Success
FLIGHT-0907,6,0:18:17,0:20:09,1.87,1.12,0.6,Success
FLIGHT-0908,6,0:26:24,0:28:23,1.98,1.19,1.66,Success
FLIGHT-0909,6,0:30:47,0:33:30,2.72,1.63,1.85,Success
FLIGHT-0910,6,0:37:36,0:41:54,4.3,2.58,0.58,Success
FLIGHT-0911,6,0:48:19,0:51:27,3.13,1.88,0.85,Success
FLIGHT-0912,6,0:56:55,1:01:36,4.68,2.81,0.92,Success
FLIGHT-0913,6,1:04:29,1:07:13,2.73,1.64,1.13,Success
FLIGHT-0914,6,1:12:19,1:15:18,2.98,1.79,1.92,Success
FLIGHT-0915,6,1:21:16,1:23:33,2.28,1.37,1.55,Success
FLIGHT-0916,6,1:29:38,1:33:17,3.65,2.19,0.59,Success
FLIGHT-0917,6,1:36:28,1:38:04,1.6,0.96,0.7,Success
FLIGHT-0918,6,1:40:15,1:44:05,3.83,2.3,1.75,Success
FLIGHT-0919,6,1:50:56,1:52:33,1.62,0.97,1.9,Success
FLIGHT-0920,6,2:00:21,2:04:45,4.4,2.64,1.81,Success
FLIGHT-0921,6,2:07:55,2:12:24,4.48,2.69,1.24,Success
FLIGHT-0922,6,2:18:11,2:22:35,4.4,2.64,1.29,Success
FLIGHT-0923,6,2:25:38,2:29:52,4.23,2.54,1.64,Success
FLIGHT-0924,6,2:37:17,2:39:49,2.53,1.52,1.04,Success
FLIGHT-0925,6,2:47:44,2:49:43,1.98,1.19,1.09,Success
FLIGHT-0926,6,2:57:00,3:00:27,3.45,2.07,0.89,Success
FLIGHT-0927,6,3:07:55,3:11:51,3.93,2.36,1.47,Success
FLIGHT-0928,6,3:16:18,3:17:56,1.63,0.98,1.32,Success
FLIGHT-0929,6,3:25:38,3:29:13,3.58,2.15,1.3,Success
FLIGHT-0930,6,3:36:12,3:38:15,2.05,1.23,0.55,Success
FLIGHT-0931,6,3:41:22,3:45:18,3.93,2.36,0.75,Success
FLIGHT-0932,6,3:52:58,3:57:36,4.63,2.78,1.46,Warning_HighWind
FLIGHT-0933,6,4:02:42,4:06:07,3.42,2.05,1.17,Success
FLIGHT-0934,6,4:13:58,4:17:51,3.88,2.33,1.47,Success
FLIGHT-0935,6,4:21:18,4:24:56,3.63,2.18,0.69,Success
FLIGHT-0936,6,4:32:01,4:35:50,3.82,2.29,0.56,Success
FLIGHT-0937,6,4:43:10,4:45:26,2.27,1.36,0.82,Success
FLIGHT-0938,6,4:52:05,4:53:38,1.55,0.93,0.65,Success
FLIGHT-0939,6,4:58:28,5:01:12,2.73,1.64,1.77,Success
FLIGHT-0940,6,5:06:13,5:10:56,4.72,2.83,1.65,GCS_Disconnect_RTL
FLIGHT-0941,6,5:14:19,5:18:34,4.25,2.55,0.72,Success
FLIGHT-0942,6,5:25:31,5:27:40,2.15,1.29,0.99,Success
FLIGHT-0943,6,5:34:42,5:38:56,4.23,2.54,1.48,Success
FLIGHT-0944,6,5:44:57,5:48:13,3.27,1.96,0.67,Warning_HighWind
FLIGHT-0945,6,5:51:41,5:54:16,2.58,1.55,1.12,Success
FLIGHT-0946,6,5:56:25,5:59:30,3.08,1.85,1.71,Success
FLIGHT-0947,6,6:02:35,6:05:09,2.57,1.54,1.51,Success
FLIGHT-0948,6,6:09:47,6:12:13,2.43,1.46,1.95,Success
FLIGHT-0949,6,6:16:48,6:19:41,2.88,1.73,1.35,Success
FLIGHT-0950,6,6:27:14,6:30:24,3.17,1.9,1.4,Success
FLIGHT-0951,6,6:37:55,6:41:54,3.98,2.39,0.71,Success
FLIGHT-0952,6,6:47:19,6:50:55,3.6,2.16,1.55,Warning_HighWind
FLIGHT-0953,6,6:55:38,6:59:35,3.95,2.37,1.92,GCS_Disconnect_RTL
FLIGHT-0954,6,7:03:37,7:07:30,3.88,2.33,0.83,Success
FLIGHT-0955,6,7:13:20,7:18:15,4.92,2.95,1.59,Success
FLIGHT-0956,6,7:22:36,7:25:06,2.5,1.5,1.01,Success
FLIGHT-0957,6,7:29:54,7:32:17,2.38,1.43,1.88,Success
FLIGHT-0958,6,7:39:59,7:43:12,3.22,1.93,0.93,Success
FLIGHT-0959,6,7:49:16,7:51:16,2,1.2,0.98,Success
FLIGHT-0960,6,7:56:25,7:58:26,2.02,1.21,1.78,Warning_HighWind
FLIGHT-0961,6,8:03:46,8:05:44,1.97,1.18,0.63,Success
FLIGHT-0962,6,8:13:08,8:16:06,2.97,1.78,1.08,Success
FLIGHT-0963,6,8:19:41,8:22:25,2.73,1.64,1.74,Warning_HighWind
FLIGHT-0964,6,8:25:18,8:27:03,1.75,1.05,1.99,Success
FLIGHT-0965,6,8:30:00,8:34:30,4.5,2.7,0.96,Success
FLIGHT-0966,6,8:41:55,8:43:32,1.62,0.97,0.97,Success
FLIGHT-0967,6,8:48:14,8:53:00,4.77,2.86,1.37,Success
FLIGHT-0968,6,8:56:12,9:00:28,4.27,2.56,1.81,Success
FLIGHT-0969,6,9:05:20,9:09:40,4.33,2.6,0.78,Success
FLIGHT-0970,6,9:12:31,9:15:51,3.33,2,1.43,Success
FLIGHT-0971,6,9:21:10,9:23:21,2.18,1.31,1.29,Success
FLIGHT-0972,6,9:26:37,9:30:42,4.08,2.45,1.66,Success
FLIGHT-0973,6,9:37:09,9:42:05,4.93,2.96,1.32,Success
FLIGHT-0974,6,9:44:15,9:46:22,2.12,1.27,1.28,Success
FLIGHT-0975,6,9:52:11,9:55:33,3.37,2.02,1.42,Warning_HighWind
FLIGHT-0976,6,9:58:24,10:01:51,3.45,2.07,1.84,Success
FLIGHT-0977,6,10:09:14,10:13:16,4.03,2.42,1.55,Success
FLIGHT-0978,6,10:16:06,10:19:32,3.43,2.06,1.29,Success
FLIGHT-0979,6,10:26:00,10:28:58,2.97,1.78,1.75,Success
FLIGHT-0980,6,10:35:17,10:38:01,2.73,1.64,1.9,Success
FLIGHT-0981,6,10:45:48,10:50:19,4.52,2.71,1.33,Success
FLIGHT-0982,6,10:56:13,10:59:33,3.33,2,1.02,Success
FLIGHT-0983,6,11:07:25,11:11:38,4.22,2.53,0.75,Success
FLIGHT-0984,6,11:17:05,11:21:12,4.12,2.47,1.91,Success
FLIGHT-0985,6,11:26:48,11:31:16,4.47,2.68,0.5,Success
FLIGHT-0986,6,11:37:21,11:41:36,4.25,2.55,1.18,Success
FLIGHT-0987,6,11:49:12,11:54:11,4.98,2.99,0.8,Success
FLIGHT-0988,6,12:01:16,12:03:37,2.35,1.41,0.95,Success
FLIGHT-0989,6,12:05:40,12:09:34,3.9,2.34,1.43,Success
FLIGHT-0990,6,12:12:44,12:17:11,4.45,2.67,1.81,Success
FLIGHT-0991,6,12:24:02,12:28:29,4.45,2.67,1.29,Success
FLIGHT-0992,6,12:32:54,12:36:59,4.08,2.45,0.94,Success
FLIGHT-0993,6,12:42:05,12:44:05,2,1.2,1.39,Success
FLIGHT-0994,6,12:46:43,12:50:24,3.68,2.21,0.8,Success
FLIGHT-0995,6,12:56:51,12:58:56,2.08,1.25,1.68,Success
FLIGHT-0996,6,13:05:12,13:08:48,3.6,2.16,1.81,Warning_HighWind
FLIGHT-0997,6,13:11:57,13:14:10,2.22,1.33,0.56,Success
FLIGHT-0998,6,13:17:44,13:20:54,3.17,1.9,0.52,Warning_HighWind
FLIGHT-0999,6,13:23:05,13:26:32,3.45,2.07,1.43,Success
FLIGHT-1000,6,13:34:03,13:36:01,1.97,1.18,0.92,Success
FLIGHT-1001,6,13:41:00,13:44:26,3.43,2.06,0.67,Success
FLIGHT-1002,6,13:49:55,13:54:10,4.25,2.55,0.82,Success
FLIGHT-1003,6,13:56:20,13:58:57,2.62,1.57,0.8,Success
FLIGHT-1004,6,14:01:18,14:06:01,4.72,2.83,1.74,Success
FLIGHT-1005,6,14:11:05,14:13:59,2.9,1.74,1.12,Warning_HighWind
FLIGHT-1006,6,14:19:42,14:24:10,4.47,2.68,1.44,Success
FLIGHT-1007,6,14:29:44,14:34:30,4.77,2.86,1.65,Success
FLIGHT-1008,6,14:41:24,14:44:55,3.52,2.11,0.62,Success
FLIGHT-1009,6,14:52:33,14:54:12,1.65,0.99,0.8,Success
FLIGHT-1010,6,14:58:02,15:00:09,2.12,1.27,1.27,Success
FLIGHT-1011,6,15:04:10,15:07:03,2.88,1.73,1.21,Success
FLIGHT-1012,6,15:11:18,15:14:14,2.93,1.76,1.28,Warning_HighWind
FLIGHT-1013,6,15:21:47,15:24:33,2.77,1.66,0.67,Warning_HighWind
FLIGHT-1014,6,15:30:18,15:34:36,4.3,2.58,1.85,Success
FLIGHT-1015,6,15:41:01,15:45:58,4.95,2.97,1.76,Success
FLIGHT-1016,6,15:48:09,15:51:07,2.97,1.78,0.69,Success
FLIGHT-1017,6,15:57:45,16:02:05,4.33,2.6,1.54,Success
FLIGHT-1018,6,16:07:14,16:11:04,3.83,2.3,0.64,Success
FLIGHT-1019,6,16:18:22,16:22:56,4.57,2.74,0.58,Success
FLIGHT-1020,6,16:27:12,16:29:49,2.62,1.57,0.77,Success
FLIGHT-1021,6,16:31:54,16:36:51,4.95,2.97,1.94,Success
FLIGHT-1022,6,16:42:07,16:44:01,1.9,1.14,0.58,Success
FLIGHT-1023,6,16:51:01,16:54:24,3.38,2.03,1,Success
FLIGHT-1024,6,16:58:14,17:02:46,4.53,2.72,1.67,Warning_HighWind
FLIGHT-1025,6,17:08:43,17:10:26,1.72,1.03,1.75,Success
FLIGHT-1026,6,17:13:16,17:17:36,4.33,2.6,1.97,Success
FLIGHT-1027,6,17:25:13,17:27:58,2.75,1.65,1.6,Success
FLIGHT-1028,6,17:30:25,17:33:57,3.53,2.12,0.6,Success
FLIGHT-1029,6,17:37:35,17:40:42,3.12,1.87,1.48,Success
FLIGHT-1030,6,17:44:47,17:47:43,2.93,1.76,1.35,Success
FLIGHT-1031,6,17:52:35,17:54:50,2.25,1.35,0.52,Success
FLIGHT-1032,6,18:01:31,18:04:25,2.9,1.74,1.99,Success
FLIGHT-1033,6,18:07:28,18:10:24,2.93,1.76,1.23,Success
FLIGHT-1034,6,18:14:49,18:17:45,2.93,1.76,0.87,Success
FLIGHT-1035,6,18:25:31,18:27:45,2.23,1.34,0.84,Success
FLIGHT-1036,6,18:32:34,18:36:18,3.73,2.24,1.67,Success
FLIGHT-1037,6,18:40:34,18:43:52,3.3,1.98,1.12,Success
FLIGHT-1038,6,18:50:52,18:53:38,2.77,1.66,1.16,Success
FLIGHT-1039,6,18:57:09,19:01:03,3.9,2.34,1.54,Success
FLIGHT-1040,6,19:07:59,19:11:42,3.72,2.23,1.86,Success
FLIGHT-1041,6,19:14:56,19:18:47,3.85,2.31,0.66,Success
FLIGHT-1042,6,19:24:31,19:28:32,4.02,2.41,0.55,Success
FLIGHT-1043,6,19:36:15,19:38:19,2.07,1.24,1.84,Success
FLIGHT-1044,6,19:42:24,19:45:22,2.97,1.78,0.97,Success
FLIGHT-1045,6,19:47:46,19:49:31,1.75,1.05,0.94,Success
FLIGHT-1046,6,19:57:06,20:00:19,3.22,1.93,0.87,Success
FLIGHT-1047,6,20:04:32,20:06:22,1.83,1.1,1.14,Success
FLIGHT-1048,6,20:09:00,20:11:00,2,1.2,0.76,Success
FLIGHT-1049,6,20:14:27,20:18:01,3.57,2.14,1.72,Success
FLIGHT-1050,6,20:20:09,20:23:27,3.3,1.98,1.7,Warning_HighWind
FLIGHT-1051,6,20:27:05,20:30:35,3.5,2.1,1.83,Success
FLIGHT-1052,6,20:35:00,20:38:20,3.33,2,1.52,Warning_HighWind
FLIGHT-1053,6,20:45:49,20:50:27,4.63,2.78,0.93,Success
FLIGHT-1054,6,20:56:42,20:58:20,1.63,0.98,0.71,Success
FLIGHT-1055,6,21:05:17,21:09:07,3.83,2.3,0.81,Success
FLIGHT-1056,6,21:12:19,21:14:40,2.35,1.41,1.27,Success
FLIGHT-1057,6,21:18:22,21:20:31,2.15,1.29,1.71,Success
FLIGHT-1058,6,21:25:29,21:30:15,4.77,2.86,1.65,Success
FLIGHT-1059,6,21:36:10,21:40:42,4.53,2.72,0.7,Success
FLIGHT-1060,6,21:48:40,21:51:55,3.25,1.95,1.59,Success
FLIGHT-1061,6,21:55:09,21:58:36,3.45,2.07,0.97,Success
FLIGHT-1062,6,22:05:53,22:09:46,3.88,2.33,1.72,Success
FLIGHT-1063,6,22:12:20,22:16:52,4.53,2.72,0.71,Success
FLIGHT-1064,6,22:19:21,22:21:39,2.3,1.38,0.59,Success
FLIGHT-1065,6,22:24:50,22:29:49,4.98,2.99,0.98,Success
FLIGHT-1066,6,22:34:59,22:39:21,4.37,2.62,1.79,Success
FLIGHT-1067,6,22:41:26,22:45:27,4.02,2.41,0.65,Success
FLIGHT-1068,6,22:53:03,22:57:26,4.38,2.63,1.47,Success
FLIGHT-1069,6,23:04:09,23:07:49,3.67,2.2,0.77,Success
FLIGHT-1070,6,23:12:44,23:14:34,1.83,1.1,1.52,Success
FLIGHT-1071,6,23:19:32,23:21:21,1.82,1.09,0.93,Success
FLIGHT-1072,6,23:25:09,23:28:47,3.63,2.18,1.4,Success
FLIGHT-1073,6,23:31:21,23:34:53,3.53,2.12,1.46,Success
FLIGHT-1074,6,23:36:53,23:41:50,4.95,2.97,1.77,Success
FLIGHT-1075,6,23:49:20,23:51:31,2.18,1.31,1.32,Success
FLIGHT-1076,6,23:56:37,24:00:13,3.6,2.16,1.22,Success
FLIGHT-1077,6,24:02:15,24:05:40,3.42,2.05,1.9,Success
FLIGHT-1078,6,24:11:52,24:14:22,2.5,1.5,1.04,Success
FLIGHT-1079,6,24:18:52,24:21:43,2.85,1.71,1.11,Success
FLIGHT-1080,6,24:24:52,24:26:48,1.93,1.16,1.52,Success
FLIGHT-1081,6,24:31:57,24:34:13,2.27,1.36,1.8,Success
FLIGHT-1082,6,24:39:21,24:43:30,4.15,2.49,1.99,Warning_HighWind
FLIGHT-1083,6,24:46:03,24:50:42,4.65,2.79,0.88,Success
FLIGHT-1084,6,24:54:03,24:58:51,4.8,2.88,1.82,Success
FLIGHT-1085,7,0:01:28,0:03:11,1.72,1.03,1.97,Success
FLIGHT-1086,7,0:06:39,0:09:04,2.42,1.45,1.3,Success
FLIGHT-1087,7,0:11:25,0:13:29,2.07,1.24,1.84,Success
FLIGHT-1088,7,0:20:01,0:22:50,2.82,1.69,0.88,Success
FLIGHT-1089,7,0:30:39,0:34:22,3.72,2.23,0.97,Success
FLIGHT-1090,7,0:36:37,0:38:57,2.33,1.4,0.58,Success
FLIGHT-1091,7,0:44:01,0:46:36,2.58,1.55,0.5,Warning_HighWind
FLIGHT-1092,7,0:53:13,0:57:24,4.18,2.51,0.75,Success
FLIGHT-1093,7,0:59:41,1:02:21,2.67,1.6,1.89,Success
FLIGHT-1094,7,1:08:40,1:12:14,3.57,2.14,1.02,Success
FLIGHT-1095,7,1:18:57,1:22:12,3.25,1.95,0.67,Success
FLIGHT-1096,7,1:29:01,1:31:57,2.93,1.76,1.63,Success
FLIGHT-1097,7,1:34:14,1:38:45,4.52,2.71,1.01,Success
FLIGHT-1098,7,1:42:03,1:45:58,3.92,2.35,1.8,Success
FLIGHT-1099,7,1:53:11,1:57:56,4.75,2.85,1.98,Success
FLIGHT-1100,7,2:04:51,2:07:30,2.65,1.59,0.87,Success
FLIGHT-1101,7,2:10:21,2:13:44,3.38,2.03,0.65,Success
FLIGHT-1102,7,2:19:54,2:24:18,4.4,2.64,1.11,Success
FLIGHT-1103,7,2:28:25,2:30:14,1.82,1.09,1.74,Success
FLIGHT-1104,7,2:36:14,2:39:36,3.37,2.02,0.85,Success
FLIGHT-1105,7,2:46:54,2:51:28,4.57,2.74,0.94,Success
FLIGHT-1106,7,2:53:49,2:58:41,4.87,2.92,1.86,Success
FLIGHT-1107,7,3:02:18,3:07:00,4.7,2.82,1.93,Success
FLIGHT-1108,7,3:13:32,3:15:39,2.12,1.27,0.98,Success
FLIGHT-1109,7,3:22:16,3:27:00,4.73,2.84,1.45,Success
FLIGHT-1110,7,3:33:50,3:37:13,3.38,2.03,0.79,Success
FLIGHT-1111,7,3:44:33,3:49:01,4.47,2.68,1.21,Success
FLIGHT-1112,7,3:52:01,3:54:24,2.38,1.43,0.52,Success
FLIGHT-1113,7,3:57:37,4:02:18,4.68,2.81,1.86,Success
FLIGHT-1114,7,4:07:18,4:09:58,2.67,1.6,1.26,Success
FLIGHT-1115,7,4:15:23,4:18:10,2.78,1.67,1.17,Success
FLIGHT-1116,7,4:22:14,4:25:04,2.83,1.7,1.26,Success
FLIGHT-1117,7,4:32:43,4:36:21,3.63,2.18,0.73,Success
FLIGHT-1118,7,4:39:05,4:42:11,3.1,1.86,0.56,Success
FLIGHT-1119,7,4:44:54,4:46:50,1.93,1.16,1.03,Success
FLIGHT-1120,7,4:52:01,4:56:35,4.57,2.74,1.56,Success
FLIGHT-1121,7,5:04:10,5:07:06,2.93,1.76,1.43,Success
FLIGHT-1122,7,5:09:40,5:12:28,2.8,1.68,1.44,Success
FLIGHT-1123,7,5:17:16,5:21:16,4,2.4,1.62,Success
FLIGHT-1124,7,5:23:58,5:27:42,3.73,2.24,1.73,Success
FLIGHT-1125,7,5:29:47,5:32:59,3.2,1.92,1.43,Success
FLIGHT-1126,7,5:37:04,5:41:41,4.62,2.77,0.7,Success
FLIGHT-1127,7,5:46:30,5:48:50,2.33,1.4,1.46,Success
FLIGHT-1128,7,5:51:04,5:53:35,2.52,1.51,1.74,Success
FLIGHT-1129,7,5:57:44,6:01:20,3.6,2.16,0.66,Success
FLIGHT-1130,7,6:06:54,6:11:31,4.62,2.77,0.54,Success
FLIGHT-1131,7,6:14:44,6:16:38,1.9,1.14,1.41,Success
FLIGHT-1132,7,6:24:21,6:28:38,4.28,2.57,0.81,Success
FLIGHT-1133,7,6:35:50,6:39:29,3.65,2.19,1.1,Success
FLIGHT-1134,7,6:46:52,6:49:42,2.83,1.7,0.67,Success
FLIGHT-1135,7,6:55:04,6:57:58,2.9,1.74,1.32,Success
FLIGHT-1136,7,7:04:31,7:06:42,2.18,1.31,0.75,Warning_HighWind
FLIGHT-1137,7,7:09:54,7:11:37,1.72,1.03,1.64,Success
FLIGHT-1138,7,7:14:23,7:17:39,3.27,1.96,0.58,Success
FLIGHT-1139,7,7:23:45,7:25:33,1.8,1.08,0.63,Success
FLIGHT-1140,7,7:30:26,7:33:27,3.02,1.81,1.44,Success
FLIGHT-1141,7,7:40:24,7:42:12,1.8,1.08,1.35,Success
FLIGHT-1142,7,7:49:30,7:53:10,3.67,2.2,1.15,Success
FLIGHT-1143,7,8:00:17,8:03:26,3.15,1.89,1.91,Success
FLIGHT-1144,7,8:08:34,8:10:57,2.38,1.43,1.09,Success
FLIGHT-1145,7,8:15:20,8:19:55,4.58,2.75,1.38,Success
FLIGHT-1146,7,8:24:22,8:27:11,2.82,1.69,1.49,Success
FLIGHT-1147,7,8:34:44,8:39:32,4.8,2.88,1.23,Success
FLIGHT-1148,7,8:42:39,8:46:42,4.05,2.43,1.94,Success
FLIGHT-1149,7,8:51:01,8:53:14,2.22,1.33,1.3,Success
FLIGHT-1150,7,8:59:09,9:01:04,1.92,1.15,1.27,Success
FLIGHT-1151,7,9:06:57,9:11:47,4.83,2.9,1.04,Success
FLIGHT-1152,7,9:18:50,9:22:23,3.55,2.13,1.61,Success
FLIGHT-1153,7,9:27:25,9:29:06,1.68,1.01,1.55,Success
FLIGHT-1154,7,9:36:44,9:40:55,4.18,2.51,1.91,Success
FLIGHT-1155,7,9:48:50,9:50:41,1.85,1.11,0.66,Success
FLIGHT-1156,7,9:53:31,9:56:11,2.67,1.6,1.33,Success
FLIGHT-1157,7,9:59:03,10:02:19,3.27,1.96,0.63,Success
FLIGHT-1158,7,10:06:41,10:11:22,4.68,2.81,1.74,Success
FLIGHT-1159,7,10:13:30,10:15:14,1.73,1.04,0.71,Success
FLIGHT-1160,7,10:22:41,10:26:39,3.97,2.38,1.75,Success
FLIGHT-1161,7,10:29:13,10:32:41,3.47,2.08,1.93,Success
FLIGHT-1162,7,10:36:39,10:38:42,2.05,1.23,0.58,Success
FLIGHT-1163,7,10:44:24,10:47:48,3.4,2.04,1.22,Success
FLIGHT-1164,7,10:55:41,10:58:56,3.25,1.95,1.57,Warning_HighWind
FLIGHT-1165,7,11:01:14,11:04:53,3.65,2.19,0.68,Success
FLIGHT-1166,7,11:08:57,11:11:17,2.33,1.4,1.23,Success
FLIGHT-1167,7,11:13:18,11:14:55,1.62,0.97,0.92,Success
FLIGHT-1168,7,11:20:26,11:23:47,3.35,2.01,0.78,Success
FLIGHT-1169,7,11:26:00,11:30:31,4.52,2.71,1.62,Success
FLIGHT-1170,7,11:35:17,11:37:06,1.82,1.09,1.88,Success
FLIGHT-1171,7,11:43:59,11:48:37,4.63,2.78,1.21,Success
FLIGHT-1172,7,11:53:01,11:55:21,2.33,1.4,1.61,Success
FLIGHT-1173,7,12:00:40,12:04:38,3.97,2.38,1.28,Success
FLIGHT-1174,7,12:11:26,12:16:02,4.6,2.76,1.67,Success
FLIGHT-1175,7,12:23:05,12:25:16,2.18,1.31,0.79,Success
FLIGHT-1176,7,12:27:47,12:29:42,1.92,1.15,1.2,Success
FLIGHT-1177,7,12:35:33,12:39:08,3.58,2.15,1.07,Success
FLIGHT-1178,7,12:45:56,12:47:27,1.52,0.91,0.89,Success
FLIGHT-1179,7,12:54:17,12:58:45,4.47,2.68,1.37,Success
FLIGHT-1180,7,13:02:12,13:04:53,2.68,1.61,0.66,Success
FLIGHT-1181,7,13:09:49,13:13:37,3.8,2.28,1.8,Success
FLIGHT-1182,7,13:15:49,13:17:58,2.15,1.29,1.28,Success
FLIGHT-1183,7,13:25:47,13:27:35,1.8,1.08,0.8,Success
FLIGHT-1184,7,13:31:54,13:33:47,1.88,1.13,1.13,Success
FLIGHT-1185,7,13:37:38,13:39:12,1.57,0.94,0.75,Success
FLIGHT-1186,7,13:45:30,13:48:29,2.98,1.79,1.27,Success
FLIGHT-1187,7,13:52:16,13:56:21,4.08,2.45,1.3,Success
FLIGHT-1188,7,14:00:27,14:04:11,3.73,2.24,1.9,Success
FLIGHT-1189,7,14:10:24,14:15:01,4.62,2.77,1.7,Success
FLIGHT-1190,7,14:22:30,14:24:51,2.35,1.41,1.44,Success
FLIGHT-1191,7,14:30:58,14:34:34,3.6,2.16,1.5,Success
FLIGHT-1192,7,14:38:56,14:41:50,2.9,1.74,1.06,Success
FLIGHT-1193,7,14:46:20,14:49:14,2.9,1.74,1.2,Success
FLIGHT-1194,7,14:53:44,14:57:16,3.53,2.12,0.81,Success
FLIGHT-1195,7,15:04:51,15:08:59,4.13,2.48,0.53,Success
FLIGHT-1196,7,15:16:55,15:20:01,3.1,1.86,0.63,Success
FLIGHT-1197,7,15:25:02,15:26:59,1.95,1.17,1.74,Success
FLIGHT-1198,7,15:34:31,15:37:43,3.2,1.92,1.91,Success
FLIGHT-1199,7,15:40:24,15:44:39,4.25,2.55,0.91,Success
FLIGHT-1200,7,15:49:58,15:53:08,3.17,1.9,1.89,Success
FLIGHT-1201,7,15:57:53,16:01:45,3.87,2.32,0.6,Success
FLIGHT-1202,7,16:03:48,16:06:52,3.07,1.84,1.46,Success
FLIGHT-1203,7,16:10:29,16:14:42,4.22,2.53,1.44,Success
FLIGHT-1204,7,16:17:44,16:21:14,3.5,2.1,0.99,Success
FLIGHT-1205,7,16:27:28,16:31:50,4.37,2.62,0.86,Success
FLIGHT-1206,7,16:35:45,16:38:23,2.63,1.58,0.93,Success
FLIGHT-1207,7,16:44:55,16:48:16,3.35,2.01,1.93,Success
FLIGHT-1208,7,16:54:21,16:58:37,4.27,2.56,0.52,Success
FLIGHT-1209,7,17:02:48,17:07:14,4.43,2.66,0.92,Success
FLIGHT-1210,7,17:10:02,17:13:37,3.58,2.15,0.56,Success
FLIGHT-1211,7,17:16:27,17:18:39,2.2,1.32,1.25,Warning_HighWind
FLIGHT-1212,7,17:21:58,17:26:32,4.57,2.74,1.7,Success
FLIGHT-1213,7,17:31:46,17:35:08,3.37,2.02,0.62,Success
FLIGHT-1214,7,17:42:12,17:44:57,2.75,1.65,1.32,Success
FLIGHT-1215,7,17:50:02,17:52:58,2.93,1.76,0.74,Success
FLIGHT-1216,7,17:55:13,17:59:27,4.23,2.54,1.1,Success
FLIGHT-1217,7,18:02:11,18:06:06,3.92,2.35,0.76,Success
FLIGHT-1218,7,18:08:24,18:11:42,3.3,1.98,0.8,Success
FLIGHT-1219,7,18:14:15,18:18:58,4.72,2.83,1.01,Warning_HighWind
FLIGHT-1220,7,18:24:48,18:29:34,4.77,2.86,1.18,Success
FLIGHT-1221,7,18:33:41,18:38:09,4.47,2.68,1.28,Success
FLIGHT-1222,7,18:41:26,18:44:20,2.9,1.74,1.65,Success
FLIGHT-1223,7,18:47:17,18:51:51,4.57,2.74,0.78,Success
FLIGHT-1224,7,18:56:41,18:59:13,2.53,1.52,0.94,Success
FLIGHT-1225,7,19:02:49,19:07:28,4.65,2.79,1.15,Success
FLIGHT-1226,7,19:13:53,19:16:57,3.07,1.84,1.83,Warning_HighWind
FLIGHT-1227,7,19:19:17,19:22:18,3.02,1.81,1.89,Warning_HighWind
FLIGHT-1228,7,19:27:19,19:29:13,1.9,1.14,1.94,Success
FLIGHT-1229,7,19:34:30,19:36:56,2.43,1.46,0.92,Success
FLIGHT-1230,7,19:43:32,19:45:41,2.15,1.29,0.73,Success
FLIGHT-1231,7,19:48:35,19:53:04,4.48,2.69,0.67,Success
FLIGHT-1232,7,19:58:21,20:01:45,3.4,2.04,0.89,Success
FLIGHT-1233,7,20:09:06,20:10:54,1.8,1.08,1.92,Success
FLIGHT-1234,7,20:13:35,20:16:03,2.47,1.48,1.31,Success
FLIGHT-1235,7,20:19:05,20:21:36,2.52,1.51,1.54,Success
FLIGHT-1236,7,20:27:41,20:32:29,4.8,2.88,1.3,Success
FLIGHT-1237,7,20:37:45,20:41:52,4.12,2.47,1.25,Success
FLIGHT-1238,7,20:48:58,20:52:59,4.02,2.41,1.54,Success
FLIGHT-1239,7,20:59:26,21:04:25,4.98,2.99,1.06,Success
FLIGHT-1240,7,21:09:53,21:13:31,3.63,2.18,1.02,Success
FLIGHT-1241,7,21:18:38,21:22:50,4.2,2.52,1.36,Success
FLIGHT-1242,7,21:30:10,21:34:36,4.43,2.66,1.63,Success
FLIGHT-1243,7,21:38:11,21:42:50,4.65,2.79,0.77,Success
FLIGHT-1244,7,21:45:16,21:47:03,1.78,1.07,1.48,Success
FLIGHT-1245,7,21:50:14,21:52:37,2.38,1.43,1.89,Success
FLIGHT-1246,7,21:55:14,21:59:50,4.6,2.76,1.09,Success
FLIGHT-1247,7,22:06:04,22:10:32,4.47,2.68,1.94,Success
FLIGHT-1248,7,22:12:35,22:16:51,4.27,2.56,1.95,Success
FLIGHT-1249,7,22:22:45,22:27:40,4.92,2.95,1.53,Success
FLIGHT-1250,7,22:32:25,22:34:49,2.4,1.44,0.57,Success
FLIGHT-1251,7,22:39:53,22:42:57,3.07,1.84,1.24,Success
FLIGHT-1252,7,22:50:54,22:54:27,3.55,2.13,1.96,Success
FLIGHT-1253,7,22:58:14,23:01:45,3.52,2.11,1.68,GCS_Disconnect_RTL
FLIGHT-1254,7,23:07:56,23:11:24,3.47,2.08,0.51,Success
FLIGHT-1255,7,23:16:22,23:19:57,3.58,2.15,1.09,Success
FLIGHT-1256,7,23:27:53,23:32:02,4.15,2.49,0.83,Success
FLIGHT-1257,7,23:35:08,23:37:53,2.75,1.65,1.23,Success
FLIGHT-1258,7,23:45:14,23:46:47,1.55,0.93,0.63,Success
FLIGHT-1259,7,23:52:17,23:54:55,2.63,1.58,1.58,Success
FLIGHT-1260,7,24:01:31,24:03:24,1.88,1.13,1.8,Success
FLIGHT-1261,7,24:10:47,24:13:57,3.17,1.9,0.6,Success
FLIGHT-1262,7,24:17:44,24:19:53,2.15,1.29,0.64,GCS_Disconnect_RTL
FLIGHT-1263,7,24:26:14,24:28:00,1.77,1.06,0.77,Success
FLIGHT-1264,7,24:34:17,24:37:03,2.77,1.66,1.11,Success
FLIGHT-1265,7,24:39:24,24:42:44,3.33,2,0.71,Success
FLIGHT-1266,7,24:48:19,24:50:57,2.63,1.58,1.54,Warning_HighWind
FLIGHT-1267,7,24:55:57,24:57:38,1.68,1.01,1.3,Success
FLIGHT-1268,8,0:05:13,0:08:50,3.62,2.17,0.91,Success
FLIGHT-1269,8,0:11:00,0:14:35,3.58,2.15,1.83,Success
FLIGHT-1270,8,0:19:16,0:21:52,2.6,1.56,0.58,Success
FLIGHT-1271,8,0:24:57,0:27:36,2.65,1.59,0.77,Success
FLIGHT-1272,8,0:32:54,0:35:02,2.13,1.28,1.89,Success
FLIGHT-1273,8,0:38:32,0:41:11,2.65,1.59,0.95,Warning_HighWind
FLIGHT-1274,8,0:48:45,0:52:07,3.37,2.02,1.75,Success
FLIGHT-1275,8,0:58:44,1:02:07,3.38,2.03,1.29,Success
FLIGHT-1276,8,1:08:59,1:11:32,2.55,1.53,1.32,Success
FLIGHT-1277,8,1:14:53,1:17:49,2.93,1.76,0.75,Success
FLIGHT-1278,8,1:22:24,1:23:55,1.52,0.91,1.29,Success
FLIGHT-1279,8,1:27:26,1:31:56,4.5,2.7,0.69,Success
FLIGHT-1280,8,1:39:45,1:42:12,2.45,1.47,1.43,Success
FLIGHT-1281,8,1:44:58,1:47:20,2.37,1.42,0.7,Success
FLIGHT-1282,8,1:50:12,1:54:04,3.87,2.32,1.18,Success
FLIGHT-1283,8,1:57:07,2:00:09,3.03,1.82,1.79,Success
FLIGHT-1284,8,2:02:11,2:04:44,2.55,1.53,1.4,Success
FLIGHT-1285,8,2:10:06,2:14:10,4.07,2.44,0.83,Success
FLIGHT-1286,8,2:17:15,2:20:15,3,1.8,0.64,Success
FLIGHT-1287,8,2:23:53,2:25:57,2.07,1.24,1.48,Warning_HighWind
FLIGHT-1288,8,2:29:20,2:34:04,4.73,2.84,0.82,Success
FLIGHT-1289,8,2:37:12,2:38:50,1.63,0.98,1.14,Success
FLIGHT-1290,8,2:40:59,2:44:22,3.38,2.03,0.97,Success
FLIGHT-1291,8,2:51:47,2:56:13,4.43,2.66,1.97,Success
FLIGHT-1292,8,3:03:58,3:05:53,1.92,1.15,0.97,Success
FLIGHT-1293,8,3:12:09,3:16:02,3.88,2.33,1.4,Success
FLIGHT-1294,8,3:21:29,3:23:53,2.4,1.44,1.24,Success
FLIGHT-1295,8,3:27:22,3:31:57,4.58,2.75,1.36,Success
FLIGHT-1296,8,3:38:20,3:41:26,3.1,1.86,1.33,Success
FLIGHT-1297,8,3:49:06,3:53:47,4.68,2.81,1.58,Success
FLIGHT-1298,8,3:59:55,4:02:57,3.03,1.82,1.32,Success
FLIGHT-1299,8,4:09:41,4:12:30,2.82,1.69,1.8,Success
FLIGHT-1300,8,4:19:56,4:23:56,4,2.4,1.09,Success
FLIGHT-1301,8,4:28:41,4:32:49,4.13,2.48,1.73,Success
FLIGHT-1302,8,4:36:19,4:41:13,4.9,2.94,0.54,Success
FLIGHT-1303,8,4:46:52,4:49:33,2.68,1.61,1.61,Success
FLIGHT-1304,8,4:54:16,4:57:30,3.23,1.94,0.69,Success
FLIGHT-1305,8,5:01:38,5:04:34,2.93,1.76,1.44,Success
FLIGHT-1306,8,5:07:40,5:09:15,1.58,0.95,1.37,Success
FLIGHT-1307,8,5:12:36,5:15:32,2.93,1.76,1.71,Success
FLIGHT-1308,8,5:17:55,5:21:16,3.35,2.01,0.95,Success
FLIGHT-1309,8,5:25:12,5:28:37,3.42,2.05,1.93,Success
FLIGHT-1310,8,5:35:47,5:38:31,2.73,1.64,0.83,Success
FLIGHT-1311,8,5:46:03,5:50:45,4.7,2.82,0.52,Warning_HighWind
FLIGHT-1312,8,5:53:00,5:55:28,2.47,1.48,1.47,Success
FLIGHT-1313,8,6:01:36,6:03:16,1.67,1,1.75,Success
FLIGHT-1314,8,6:10:40,6:14:30,3.83,2.3,1.98,Success
FLIGHT-1315,8,6:19:27,6:24:15,4.8,2.88,0.88,Warning_HighWind
FLIGHT-1316,8,6:26:40,6:30:50,4.17,2.5,0.66,Success
FLIGHT-1317,8,6:35:01,6:36:50,1.82,1.09,1.18,Warning_HighWind
FLIGHT-1318,8,6:38:50,6:43:27,4.62,2.77,0.78,Success
FLIGHT-1319,8,6:49:03,6:51:52,2.82,1.69,1.13,Success
FLIGHT-1320,8,6:54:13,6:57:29,3.27,1.96,1.6,Success
FLIGHT-1321,8,7:00:36,7:02:41,2.08,1.25,0.86,Success
FLIGHT-1322,8,7:05:02,7:07:37,2.58,1.55,1.52,Success
FLIGHT-1323,8,7:10:15,7:12:13,1.97,1.18,0.56,Success
FLIGHT-1324,8,7:16:51,7:19:33,2.7,1.62,1.14,Success
FLIGHT-1325,8,7:24:28,7:28:19,3.85,2.31,1.97,Warning_HighWind
FLIGHT-1326,8,7:30:20,7:32:30,2.17,1.3,1.67,Warning_HighWind
FLIGHT-1327,8,7:36:49,7:38:47,1.97,1.18,1.15,Success
FLIGHT-1328,8,7:46:23,7:49:38,3.25,1.95,1.17,Warning_HighWind
FLIGHT-1329,8,7:53:54,7:58:20,4.43,2.66,0.88,Success
FLIGHT-1330,8,8:03:24,8:05:22,1.97,1.18,1.45,Success
FLIGHT-1331,8,8:09:21,8:13:40,4.32,2.59,0.54,Success
FLIGHT-1332,8,8:18:31,8:23:28,4.95,2.97,1.9,Warning_HighWind
FLIGHT-1333,8,8:30:47,8:33:58,3.18,1.91,0.53,Warning_HighWind
FLIGHT-1334,8,8:36:55,8:40:16,3.35,2.01,2,Success
FLIGHT-1335,8,8:48:08,8:51:09,3.02,1.81,0.86,Success
FLIGHT-1336,8,8:54:17,8:58:25,4.13,2.48,1.02,Success
FLIGHT-1337,8,9:01:31,9:03:30,1.98,1.19,0.82,Success
FLIGHT-1338,8,9:09:42,9:11:41,1.98,1.19,0.64,Success
FLIGHT-1339,8,9:14:48,9:16:42,1.9,1.14,1.56,Warning_HighWind
FLIGHT-1340,8,9:20:51,9:25:29,4.63,2.78,0.72,Success
FLIGHT-1341,8,9:28:15,9:31:54,3.65,2.19,0.87,Success
FLIGHT-1342,8,9:35:39,9:37:52,2.22,1.33,1.42,Warning_HighWind
FLIGHT-1343,8,9:42:33,9:44:32,1.98,1.19,0.61,Success
FLIGHT-1344,8,9:46:34,9:48:29,1.92,1.15,1.45,Success
FLIGHT-1345,8,9:53:36,9:58:11,4.58,2.75,1.84,Success
FLIGHT-1346,8,10:00:21,10:03:33,3.2,1.92,1.87,Success
FLIGHT-1347,8,10:06:18,10:08:31,2.22,1.33,1.81,Success
FLIGHT-1348,8,10:14:45,10:18:19,3.57,2.14,0.98,Success
FLIGHT-1349,8,10:25:47,10:29:11,3.4,2.04,1.78,Success
FLIGHT-1350,8,10:34:37,10:38:14,3.62,2.17,0.72,GCS_Disconnect_RTL
FLIGHT-1351,8,10:40:39,10:42:35,1.93,1.16,1.18,GCS_Disconnect_RTL
FLIGHT-1352,8,10:47:21,10:51:58,4.62,2.77,1.58,Success
FLIGHT-1353,8,10:54:13,10:56:05,1.87,1.12,1.07,Success
FLIGHT-1354,8,10:59:50,11:03:16,3.43,2.06,1.74,Success
FLIGHT-1355,8,11:09:44,11:13:49,4.08,2.45,1.5,Success
FLIGHT-1356,8,11:19:50,11:23:16,3.43,2.06,1.44,Success
FLIGHT-1357,8,11:27:49,11:32:14,4.42,2.65,1.23,Success
FLIGHT-1358,8,11:34:59,11:37:18,2.32,1.39,1.18,Success
FLIGHT-1359,8,11:40:29,11:43:12,2.72,1.63,0.62,Success
FLIGHT-1360,8,11:47:41,11:49:16,1.58,0.95,1.23,Warning_HighWind
FLIGHT-1361,8,11:52:06,11:56:06,4,2.4,1.18,Success
FLIGHT-1362,8,12:01:38,12:05:25,3.78,2.27,1.67,Success
FLIGHT-1363,8,12:11:53,12:14:13,2.33,1.4,1.9,Success
FLIGHT-1364,8,12:18:12,12:22:48,4.6,2.76,1.5,Success
FLIGHT-1365,8,12:30:10,12:35:09,4.98,2.99,1.95,Success
FLIGHT-1366,8,12:39:27,12:42:57,3.5,2.1,1.58,Success
FLIGHT-1367,8,12:45:59,12:47:57,1.97,1.18,1.84,Success
FLIGHT-1368,8,12:52:49,12:57:46,4.95,2.97,1.98,Success
FLIGHT-1369,8,13:04:59,13:09:22,4.38,2.63,1.77,Success
FLIGHT-1370,8,13:17:12,13:19:23,2.18,1.31,1.89,Success
FLIGHT-1371,8,13:24:02,13:26:35,2.55,1.53,0.95,Success
FLIGHT-1372,8,13:29:05,13:32:29,3.4,2.04,1.11,Warning_HighWind
FLIGHT-1373,8,13:38:44,13:40:38,1.9,1.14,0.55,Success
FLIGHT-1374,8,13:47:31,13:50:27,2.93,1.76,0.7,Success
FLIGHT-1375,8,13:55:44,13:57:57,2.22,1.33,1.23,Warning_HighWind
FLIGHT-1376,8,14:02:44,14:06:24,3.67,2.2,1.74,Success
FLIGHT-1377,8,14:11:57,14:16:04,4.12,2.47,0.72,Warning_HighWind
FLIGHT-1378,8,14:23:50,14:28:33,4.72,2.83,1.31,Success
FLIGHT-1379,8,14:33:17,14:36:41,3.4,2.04,1.94,Success
FLIGHT-1380,8,14:40:50,14:44:04,3.23,1.94,0.52,Success
FLIGHT-1381,8,14:47:01,14:50:43,3.7,2.22,1.93,Warning_HighWind
FLIGHT-1382,8,14:57:59,15:00:06,2.12,1.27,1.5,Success
FLIGHT-1383,8,15:02:31,15:07:18,4.78,2.87,0.99,Success
FLIGHT-1384,8,15:13:38,15:15:20,1.7,1.02,0.82,Success
FLIGHT-1385,8,15:22:10,15:24:55,2.75,1.65,1.64,Success
FLIGHT-1386,8,15:29:59,15:34:23,4.4,2.64,0.68,Success
FLIGHT-1387,8,15:37:31,15:40:44,3.22,1.93,1.63,Success
FLIGHT-1388,8,15:42:59,15:46:24,3.42,2.05,1.13,Success
FLIGHT-1389,8,15:52:39,15:56:00,3.35,2.01,1.81,Success
FLIGHT-1390,8,16:00:57,16:03:43,2.77,1.66,1.94,Warning_HighWind
FLIGHT-1391,8,16:11:01,16:13:39,2.63,1.58,0.85,Success
FLIGHT-1392,8,16:20:43,16:24:38,3.92,2.35,1.8,Success
FLIGHT-1393,8,16:26:53,16:31:52,4.98,2.99,1.18,Success
FLIGHT-1394,8,16:38:40,16:42:42,4.03,2.42,0.79,Success
FLIGHT-1395,8,16:47:47,16:51:38,3.85,2.31,1.29,Success
FLIGHT-1396,8,16:54:54,16:59:53,4.98,2.99,1.24,Success
FLIGHT-1397,8,17:02:10,17:04:52,2.7,1.62,1,Success
FLIGHT-1398,8,17:10:30,17:13:09,2.65,1.59,1.69,Success
FLIGHT-1399,8,17:18:24,17:21:07,2.72,1.63,0.86,Warning_HighWind
FLIGHT-1400,8,17:26:44,17:31:22,4.63,2.78,1.19,Success
FLIGHT-1401,8,17:37:53,17:39:38,1.75,1.05,1.33,Success
FLIGHT-1402,8,17:44:35,17:48:55,4.33,2.6,1.07,Success
FLIGHT-1403,8,17:55:37,17:59:34,3.95,2.37,1.6,Success
FLIGHT-1404,8,18:05:52,18:10:39,4.78,2.87,0.93,Success
FLIGHT-1405,8,18:17:39,18:22:03,4.4,2.64,0.58,Success
FLIGHT-1406,8,18:27:04,18:31:52,4.8,2.88,1.03,Success
FLIGHT-1407,8,18:38:36,18:41:51,3.25,1.95,0.9,Success
FLIGHT-1408,8,18:44:14,18:47:32,3.3,1.98,1.37,Success
FLIGHT-1409,8,18:51:27,18:54:18,2.85,1.71,0.69,Warning_HighWind
FLIGHT-1410,8,19:00:04,19:02:37,2.55,1.53,0.56,Success
FLIGHT-1411,8,19:05:29,19:08:30,3.02,1.81,0.51,Warning_HighWind
FLIGHT-1412,8,19:12:09,19:15:05,2.93,1.76,0.67,Success
FLIGHT-1413,8,19:19:49,19:24:45,4.93,2.96,1.82,Success
FLIGHT-1414,8,19:28:08,19:29:52,1.73,1.04,1.46,Success
FLIGHT-1415,8,19:32:50,19:35:49,2.98,1.79,1.3,Success
FLIGHT-1416,8,19:40:04,19:44:10,4.1,2.46,0.68,Success
FLIGHT-1417,8,19:48:07,19:52:58,4.85,2.91,1.44,Warning_HighWind
FLIGHT-1418,8,20:00:20,20:04:50,4.5,2.7,1.59,Success
FLIGHT-1419,8,20:11:30,20:13:20,1.83,1.1,1.62,Warning_HighWind
FLIGHT-1420,8,20:17:48,20:22:25,4.62,2.77,1.88,Success
FLIGHT-1421,8,20:25:33,20:27:06,1.55,0.93,0.59,Success
FLIGHT-1422,8,20:30:46,20:34:44,3.97,2.38,0.71,Success
FLIGHT-1423,8,20:42:20,20:44:32,2.2,1.32,0.74,GCS_Disconnect_RTL
FLIGHT-1424,8,20:48:11,20:49:52,1.68,1.01,0.8,Success
FLIGHT-1425,8,20:57:28,21:01:12,3.73,2.24,0.67,Success
FLIGHT-1426,8,21:08:37,21:12:01,3.4,2.04,0.63,Success
FLIGHT-1427,8,21:18:40,21:21:51,3.18,1.91,1.67,Warning_HighWind
FLIGHT-1428,8,21:27:56,21:29:49,1.88,1.13,0.87,Success
FLIGHT-1429,8,21:34:24,21:37:57,3.55,2.13,0.5,Warning_HighWind
FLIGHT-1430,8,21:43:50,21:48:02,4.2,2.52,1.65,Warning_HighWind
FLIGHT-1431,8,21:53:27,21:58:26,4.98,2.99,1.68,Success
FLIGHT-1432,8,22:05:34,22:10:23,4.82,2.89,0.87,Warning_HighWind
FLIGHT-1433,8,22:18:16,22:20:15,1.98,1.19,1.28,GCS_Disconnect_RTL
FLIGHT-1434,8,22:27:07,22:28:43,1.6,0.96,1.56,Success
FLIGHT-1435,8,22:31:35,22:35:16,3.68,2.21,0.61,Success
FLIGHT-1436,8,22:41:05,22:45:10,4.08,2.45,0.51,Success
FLIGHT-1437,8,22:51:19,22:55:16,3.95,2.37,0.74,Success
FLIGHT-1438,8,23:01:38,23:05:38,4,2.4,1.88,Success
FLIGHT-1439,8,23:08:35,23:10:13,1.63,0.98,1.64,Success
FLIGHT-1440,8,23:16:06,23:18:00,1.9,1.14,1.58,Success
FLIGHT-1441,8,23:21:58,23:24:46,2.8,1.68,1.01,Success
FLIGHT-1442,8,23:29:12,23:31:09,1.95,1.17,1.5,Success
FLIGHT-1443,8,23:38:47,23:40:46,1.98,1.19,1.28,Success
FLIGHT-1444,8,23:47:03,23:51:56,4.88,2.93,1.97,Success
FLIGHT-1445,8,23:57:36,24:01:08,3.53,2.12,1.03,Warning_HighWind
FLIGHT-1446,8,24:06:52,24:11:43,4.85,2.91,1.39,Success
FLIGHT-1447,8,24:19:35,24:22:55,3.33,2,1.77,Success
FLIGHT-1448,8,24:27:29,24:28:59,1.5,0.9,1.57,Success
FLIGHT-1449,8,24:34:15,24:36:01,1.77,1.06,1.15,Warning_HighWind
FLIGHT-1450,8,24:39:27,24:43:39,4.2,2.52,1.95,Success
FLIGHT-1451,8,24:49:40,24:51:34,1.9,1.14,0.94,Success
FLIGHT-1452,8,24:58:35,0:00:26,1.85,1.11,1.67,Success
FLIGHT-1453,9,0:03:14,0:05:29,2.25,1.35,1.07,Success
FLIGHT-1454,9,0:12:24,0:14:27,2.05,1.23,1.29,Success
FLIGHT-1455,9,0:19:21,0:22:40,3.32,1.99,1.51,Success
FLIGHT-1456,9,0:26:32,0:31:26,4.9,2.94,1.37,Success
FLIGHT-1457,9,0:37:33,0:40:57,3.4,2.04,1.26,Success
FLIGHT-1458,9,0:47:58,0:51:43,3.75,2.25,0.79,Warning_HighWind
FLIGHT-1459,9,0:53:54,0:57:41,3.78,2.27,0.58,Success
FLIGHT-1460,9,1:01:38,1:05:51,4.22,2.53,1.26,Success
FLIGHT-1461,9,1:13:50,1:17:28,3.63,2.18,0.78,Success
FLIGHT-1462,9,1:24:18,1:27:04,2.77,1.66,1.51,Success
FLIGHT-1463,9,1:34:11,1:37:00,2.82,1.69,1.8,Success
FLIGHT-1464,9,1:39:57,1:42:59,3.03,1.82,2,GCS_Disconnect_RTL
FLIGHT-1465,9,1:45:53,1:49:08,3.25,1.95,1.17,Success
FLIGHT-1466,9,1:57:01,1:59:47,2.77,1.66,1.51,Success
FLIGHT-1467,9,2:04:11,2:07:50,3.65,2.19,1.2,Success
FLIGHT-1468,9,2:12:12,2:17:08,4.93,2.96,0.59,Warning_HighWind
FLIGHT-1469,9,2:19:30,2:24:19,4.82,2.89,1.41,Success
FLIGHT-1470,9,2:27:43,2:31:01,3.3,1.98,1.74,Warning_HighWind
FLIGHT-1471,9,2:35:21,2:39:26,4.08,2.45,1.54,Success
FLIGHT-1472,9,2:46:52,2:51:07,4.25,2.55,1.26,Warning_HighWind
FLIGHT-1473,9,2:55:05,2:58:00,2.92,1.75,0.63,Success
FLIGHT-1474,9,3:05:36,3:07:47,2.18,1.31,1.16,Success
FLIGHT-1475,9,3:12:02,3:16:02,4,2.4,1.88,Success
FLIGHT-1476,9,3:22:15,3:25:38,3.38,2.03,1.81,Success
FLIGHT-1477,9,3:30:23,3:32:30,2.12,1.27,1.27,Warning_HighWind
FLIGHT-1478,9,3:39:29,3:44:06,4.62,2.77,1.78,Success
FLIGHT-1479,9,3:49:01,3:52:50,3.82,2.29,1.66,Success
FLIGHT-1480,9,3:54:55,3:58:26,3.52,2.11,1.83,Success
FLIGHT-1481,9,4:03:27,4:05:58,2.52,1.51,1.6,Success
FLIGHT-1482,9,4:13:43,4:16:38,2.92,1.75,1.6,Success
FLIGHT-1483,9,4:20:09,4:22:48,2.65,1.59,1.34,Success
FLIGHT-1484,9,4:27:54,4:32:51,4.95,2.97,1.56,Success
FLIGHT-1485,9,4:39:26,4:43:54,4.47,2.68,0.8,Success
FLIGHT-1486,9,4:47:37,4:51:47,4.17,2.5,0.6,Success
FLIGHT-1487,9,4:55:39,4:58:10,2.52,1.51,1.25,Success
FLIGHT-1488,9,5:03:18,5:06:58,3.67,2.2,0.85,Success
FLIGHT-1489,9,5:11:05,5:14:22,3.28,1.97,1.82,Warning_HighWind
FLIGHT-1490,9,5:17:06,5:20:23,3.28,1.97,1.03,Success
FLIGHT-1491,9,5:25:33,5:29:42,4.15,2.49,1.74,Success
FLIGHT-1492,9,5:34:51,5:39:15,4.4,2.64,1.89,Success
FLIGHT-1493,9,5:44:38,5:46:47,2.15,1.29,1.39,Success
FLIGHT-1494,9,5:50:09,5:52:25,2.27,1.36,0.79,Success
FLIGHT-1495,9,5:57:15,5:59:23,2.13,1.28,0.75,Success
FLIGHT-1496,9,6:06:49,6:10:08,3.32,1.99,0.86,Success
FLIGHT-1497,9,6:14:03,6:15:56,1.88,1.13,1.12,Success
FLIGHT-1498,9,6:19:28,6:22:31,3.05,1.83,1.41,Warning_HighWind
FLIGHT-1499,9,6:29:59,6:31:40,1.68,1.01,1.49,Success
FLIGHT-1500,9,6:36:00,6:37:52,1.87,1.12,1.02,Warning_HighWind
FLIGHT-1501,9,6:45:44,6:49:33,3.82,2.29,0.55,Success
FLIGHT-1502,9,6:54:42,6:58:32,3.83,2.3,1.62,Success
FLIGHT-1503,9,7:01:05,7:04:17,3.2,1.92,1.44,Success
FLIGHT-1504,9,7:07:33,7:09:39,2.1,1.26,2,Success
FLIGHT-1505,9,7:13:20,7:17:05,3.75,2.25,1.76,Success
FLIGHT-1506,9,7:20:05,7:22:00,1.92,1.15,0.61,Success
FLIGHT-1507,9,7:26:36,7:29:52,3.27,1.96,1.19,Success
FLIGHT-1508,9,7:33:44,7:36:10,2.43,1.46,1.95,Success
FLIGHT-1509,9,7:40:42,7:44:18,3.6,2.16,1.51,Success
FLIGHT-1510,9,7:48:36,7:53:18,4.7,2.82,1.28,GCS_Disconnect_RTL
FLIGHT-1511,9,7:58:43,8:00:43,2,1.2,1.05,Success
FLIGHT-1512,9,8:07:51,8:11:45,3.9,2.34,0.99,Success
FLIGHT-1513,9,8:18:04,8:22:17,4.22,2.53,1.73,Success
FLIGHT-1514,9,8:25:45,8:29:48,4.05,2.43,1.34,Success
FLIGHT-1515,9,8:35:35,8:38:25,2.83,1.7,0.62,Success
FLIGHT-1516,9,8:46:04,8:50:10,4.1,2.46,1.06,Success
FLIGHT-1517,9,8:58:02,9:00:37,2.58,1.55,1.61,Success
FLIGHT-1518,9,9:03:22,9:06:44,3.37,2.02,1.21,Success
FLIGHT-1519,9,9:14:17,9:18:18,4.02,2.41,1.54,Success
FLIGHT-1520,9,9:21:05,9:25:45,4.67,2.8,0.68,Success
FLIGHT-1521,9,9:32:40,9:37:06,4.43,2.66,1.33,Warning_HighWind
FLIGHT-1522,9,9:42:10,9:45:40,3.5,2.1,1.21,Success
FLIGHT-1523,9,9:53:35,9:58:28,4.88,2.93,0.96,Success
FLIGHT-1524,9,10:04:24,10:06:30,2.1,1.26,0.55,Success
FLIGHT-1525,9,10:09:57,10:13:59,4.03,2.42,1.06,Success
FLIGHT-1526,9,10:18:54,10:22:05,3.18,1.91,1.11,Success
FLIGHT-1527,9,10:29:20,10:31:35,2.25,1.35,0.76,Success
FLIGHT-1528,9,10:36:24,10:38:32,2.13,1.28,1.16,Success
FLIGHT-1529,9,10:42:52,10:46:47,3.92,2.35,1.92,Success
FLIGHT-1530,9,10:53:33,10:55:57,2.4,1.44,0.88,Success
FLIGHT-1531,9,11:02:27,11:03:59,1.53,0.92,1.4,Success
FLIGHT-1532,9,11:09:21,11:11:05,1.73,1.04,0.89,Success
FLIGHT-1533,9,11:14:01,11:16:20,2.32,1.39,1.15,Success
FLIGHT-1534,9,11:20:04,11:23:01,2.95,1.77,1.14,Success
FLIGHT-1535,9,11:30:27,11:34:42,4.25,2.55,0.6,Success
FLIGHT-1536,9,11:40:58,11:44:37,3.65,2.19,1.08,Success
FLIGHT-1537,9,11:52:00,11:55:36,3.6,2.16,1.9,Success
FLIGHT-1538,9,12:03:28,12:05:21,1.88,1.13,1.71,Success
FLIGHT-1539,9,12:13:11,12:15:35,2.4,1.44,1.79,Success
FLIGHT-1540,9,12:18:00,12:22:43,4.72,2.83,1.29,Success
FLIGHT-1541,9,12:27:25,12:29:37,2.2,1.32,1.28,Success
FLIGHT-1542,9,12:32:18,12:36:23,4.08,2.45,1.52,Success
FLIGHT-1543,9,12:41:46,12:46:10,4.4,2.64,0.93,Success
FLIGHT-1544,9,12:48:35,12:51:59,3.4,2.04,1.04,Success
FLIGHT-1545,9,12:59:35,13:03:42,4.12,2.47,0.54,Success
FLIGHT-1546,9,13:06:03,13:08:06,2.05,1.23,1.78,Success
FLIGHT-1547,9,13:16:01,13:19:34,3.55,2.13,1.85,Success
FLIGHT-1548,9,13:24:03,13:27:58,3.92,2.35,1.74,Success
FLIGHT-1549,9,13:33:28,13:35:45,2.28,1.37,1.16,Success
FLIGHT-1550,9,13:38:21,13:42:35,4.23,2.54,0.55,Success
FLIGHT-1551,9,13:50:02,13:54:40,4.63,2.78,1.32,Success
FLIGHT-1552,9,13:59:47,14:02:38,2.85,1.71,0.52,Success
FLIGHT-1553,9,14:05:14,14:08:55,3.68,2.21,1.56,Success
FLIGHT-1554,9,14:16:38,14:21:21,4.72,2.83,0.71,Success
FLIGHT-1555,9,14:23:55,14:27:29,3.57,2.14,1.61,Success
FLIGHT-1556,9,14:31:19,14:33:03,1.73,1.04,2,Success
FLIGHT-1557,9,14:40:22,14:42:32,2.17,1.3,1.38,Success
FLIGHT-1558,9,14:46:16,14:49:59,3.72,2.23,1.36,Warning_HighWind
FLIGHT-1559,9,14:57:03,14:59:23,2.33,1.4,1.4,Success
FLIGHT-1560,9,15:02:24,15:05:26,3.03,1.82,1.34,Success
FLIGHT-1561,9,15:07:33,15:11:36,4.05,2.43,0.93,Success
FLIGHT-1562,9,15:17:03,15:21:56,4.88,2.93,1.14,Success
FLIGHT-1563,9,15:24:24,15:28:00,3.6,2.16,1.98,Success
FLIGHT-1564,9,15:34:54,15:36:44,1.83,1.1,1.25,Success
FLIGHT-1565,9,15:41:01,15:43:57,2.93,1.76,1.91,Success
FLIGHT-1566,9,15:51:50,15:54:20,2.5,1.5,1,Success
FLIGHT-1567,9,15:58:32,16:01:21,2.82,1.69,0.89,Success
FLIGHT-1568,9,16:05:09,16:08:25,3.27,1.96,0.72,Success
FLIGHT-1569,9,16:15:08,16:17:19,2.18,1.31,1.05,Success
FLIGHT-1570,9,16:20:39,16:25:29,4.83,2.9,1.14,Success
FLIGHT-1571,9,16:30:45,16:35:32,4.78,2.87,0.58,Success
FLIGHT-1572,9,16:39:41,16:41:47,2.1,1.26,0.58,Success
FLIGHT-1573,9,16:48:11,16:53:04,4.88,2.93,1.28,Warning_HighWind
FLIGHT-1574,9,17:00:29,17:04:08,3.65,2.19,0.59,Success
FLIGHT-1575,9,17:06:08,17:08:49,2.68,1.61,1.9,Success
FLIGHT-1576,9,17:10:56,17:13:39,2.72,1.63,1.86,Success
FLIGHT-1577,9,17:17:57,17:21:23,3.43,2.06,0.93,Success
FLIGHT-1578,9,17:26:20,17:29:03,2.72,1.63,1.62,Success
FLIGHT-1579,9,17:33:41,17:35:52,2.18,1.31,0.96,Success
FLIGHT-1580,9,17:41:07,17:44:06,2.98,1.79,1.15,Success
FLIGHT-1581,9,17:49:04,17:51:43,2.65,1.59,0.99,Success
FLIGHT-1582,9,17:55:26,17:58:10,2.73,1.64,1.45,Success
FLIGHT-1583,9,18:00:28,18:04:36,4.13,2.48,0.62,Success
FLIGHT-1584,9,18:06:48,18:09:23,2.58,1.55,0.96,Success
FLIGHT-1585,9,18:14:11,18:19:05,4.9,2.94,1.6,Success
FLIGHT-1586,9,18:26:19,18:28:29,2.17,1.3,1.22,Success
FLIGHT-1587,9,18:33:04,18:37:18,4.23,2.54,1.65,Success
FLIGHT-1588,9,18:45:12,18:48:47,3.58,2.15,1.91,Warning_HighWind
FLIGHT-1589,9,18:51:31,18:55:25,3.9,2.34,0.72,Success
FLIGHT-1590,9,19:02:09,19:03:56,1.78,1.07,1.75,Success
FLIGHT-1591,9,19:06:26,19:08:53,2.45,1.47,0.67,Success
FLIGHT-1592,9,19:15:33,19:20:13,4.67,2.8,1.52,Success
FLIGHT-1593,9,19:22:15,19:26:59,4.73,2.84,1.65,Success
FLIGHT-1594,9,19:31:20,19:32:58,1.63,0.98,1.22,Success
FLIGHT-1595,9,19:37:16,19:39:05,1.82,1.09,0.82,Success
FLIGHT-1596,9,19:43:20,19:44:53,1.55,0.93,1.87,Success
FLIGHT-1597,9,19:47:40,19:50:40,3,1.8,0.82,Success
FLIGHT-1598,9,19:56:04,19:59:38,3.57,2.14,1.1,Success
FLIGHT-1599,9,20:05:53,20:09:56,4.05,2.43,0.98,Success
FLIGHT-1600,9,20:16:30,20:19:27,2.95,1.77,1.92,Success
FLIGHT-1601,9,20:25:31,20:28:06,2.58,1.55,1.25,Success
FLIGHT-1602,9,20:33:50,20:37:41,3.85,2.31,1.51,Success
FLIGHT-1603,9,20:42:12,20:46:19,4.12,2.47,0.72,Success
FLIGHT-1604,9,20:50:42,20:55:25,4.72,2.83,0.86,Warning_HighWind
FLIGHT-1605,9,20:59:29,21:01:10,1.68,1.01,1.83,Success
FLIGHT-1606,9,21:06:06,21:08:38,2.53,1.52,1.06,Success
FLIGHT-1607,9,21:15:23,21:19:59,4.6,2.76,1.9,Success
FLIGHT-1608,9,21:26:37,21:31:32,4.92,2.95,1.85,Success
FLIGHT-1609,9,21:38:02,21:40:17,2.25,1.35,1.37,Success
FLIGHT-1610,9,21:43:31,21:47:37,4.1,2.46,1.62,Success
FLIGHT-1611,9,21:54:49,21:57:41,2.87,1.72,0.79,Success
FLIGHT-1612,9,22:00:26,22:03:08,2.7,1.62,1.76,Success
FLIGHT-1613,9,22:10:52,22:12:29,1.62,0.97,0.74,Success
FLIGHT-1614,9,22:18:59,22:23:41,4.7,2.82,0.86,Success
FLIGHT-1615,9,22:29:10,22:32:24,3.23,1.94,1.18,Success
FLIGHT-1616,9,22:39:44,22:42:10,2.43,1.46,0.78,Success
FLIGHT-1617,9,22:45:06,22:48:35,3.48,2.09,1.07,GCS_Disconnect_RTL
FLIGHT-1618,9,22:51:50,22:55:57,4.12,2.47,0.81,Success
FLIGHT-1619,9,23:00:43,23:04:46,4.05,2.43,0.79,Success
FLIGHT-1620,9,23:06:54,23:08:36,1.7,1.02,0.62,Success
FLIGHT-1621,9,23:11:13,23:14:22,3.15,1.89,1.73,Warning_HighWind
FLIGHT-1622,9,23:19:09,23:21:33,2.4,1.44,1.24,Success
FLIGHT-1623,9,23:26:04,23:30:17,4.22,2.53,0.51,Success
FLIGHT-1624,9,23:34:36,23:39:15,4.65,2.79,0.9,Success
FLIGHT-1625,9,23:46:54,23:48:48,1.9,1.14,1.68,Success
FLIGHT-1626,9,23:52:53,23:55:12,2.32,1.39,1.9,Success
FLIGHT-1627,9,24:00:08,24:01:51,1.72,1.03,0.81,Success
FLIGHT-1628,9,24:05:35,24:09:31,3.93,2.36,1.23,Success
FLIGHT-1629,9,24:16:19,24:19:58,3.65,2.19,0.87,Warning_HighWind
FLIGHT-1630,9,24:25:24,24:28:23,2.98,1.79,0.93,Success
FLIGHT-1631,9,24:32:13,24:36:45,4.53,2.72,1.01,Success
FLIGHT-1632,9,24:39:58,24:43:06,3.13,1.88,1.28,GCS_Disconnect_RTL
FLIGHT-1633,9,24:46:38,24:49:12,2.57,1.54,0.59,Warning_HighWind
FLIGHT-1634,9,24:56:57,24:59:47,2.83,1.7,0.51,Success
FLIGHT-1635,10,0:06:15,0:10:58,4.72,2.83,1.47,Success
FLIGHT-1636,10,0:16:04,0:17:48,1.73,1.04,0.56,Warning_HighWind
FLIGHT-1637,10,0:21:55,0:23:52,1.95,1.17,1.18,Success
FLIGHT-1638,10,0:29:40,0:34:39,4.98,2.99,1.48,Success
FLIGHT-1639,10,0:40:02,0:42:24,2.37,1.42,2,Warning_HighWind
FLIGHT-1640,10,0:49:58,0:51:58,2,1.2,1.23,Success
FLIGHT-1641,10,0:58:10,1:00:18,2.13,1.28,1.59,Success
FLIGHT-1642,10,1:07:16,1:12:12,4.93,2.96,0.74,Success
FLIGHT-1643,10,1:18:10,1:21:56,3.77,2.26,0.52,Success
FLIGHT-1644,10,1:25:44,1:28:14,2.5,1.5,1.24,Success
FLIGHT-1645,10,1:33:51,1:38:01,4.17,2.5,0.61,Success
FLIGHT-1646,10,1:45:27,1:48:26,2.98,1.79,1.33,Success
FLIGHT-1647,10,1:51:51,1:54:17,2.43,1.46,0.8,Warning_HighWind
FLIGHT-1648,10,1:59:22,2:03:02,3.67,2.2,1.48,Success
FLIGHT-1649,10,2:09:51,2:13:21,3.5,2.1,1.58,Success
FLIGHT-1650,10,2:21:13,2:23:14,2.02,1.21,1.65,Success
FLIGHT-1651,10,2:27:11,2:31:52,4.68,2.81,1.38,Success
FLIGHT-1652,10,2:37:55,2:40:37,2.7,1.62,1.37,Success
FLIGHT-1653,10,2:44:08,2:47:42,3.57,2.14,1.55,Success
FLIGHT-1654,10,2:52:45,2:57:21,4.6,2.76,1.19,Success
FLIGHT-1655,10,2:59:33,3:01:45,2.2,1.32,1.83,Success
FLIGHT-1656,10,3:07:15,3:09:08,1.88,1.13,1.21,Warning_HighWind
FLIGHT-1657,10,3:17:03,3:21:09,4.1,2.46,0.85,Success
FLIGHT-1658,10,3:28:57,3:33:42,4.75,2.85,0.84,Warning_HighWind
FLIGHT-1659,10,3:37:10,3:41:36,4.43,2.66,0.88,Warning_HighWind
FLIGHT-1660,10,3:46:01,3:50:32,4.52,2.71,1.64,Success
FLIGHT-1661,10,3:55:47,3:57:57,2.17,1.3,0.84,Success
FLIGHT-1662,10,4:05:35,4:08:00,2.42,1.45,1.45,Success
FLIGHT-1663,10,4:12:56,4:17:14,4.3,2.58,0.94,Success
FLIGHT-1664,10,4:22:44,4:24:44,2,1.2,1.13,Warning_HighWind
FLIGHT-1665,10,4:27:06,4:29:23,2.28,1.37,0.61,Success
FLIGHT-1666,10,4:36:05,4:40:57,4.87,2.92,0.66,GCS_Disconnect_RTL
FLIGHT-1667,10,4:43:43,4:46:31,2.8,1.68,0.87,Success
FLIGHT-1668,10,4:54:12,4:57:13,3.02,1.81,1.96,Success
FLIGHT-1669,10,4:59:58,5:01:45,1.78,1.07,1.34,Success
FLIGHT-1670,10,5:03:54,5:06:36,2.7,1.62,1.83,Success
FLIGHT-1671,10,5:13:05,5:17:40,4.58,2.75,1.63,Warning_HighWind
FLIGHT-1672,10,5:22:58,5:26:07,3.15,1.89,1.3,Success
FLIGHT-1673,10,5:29:37,5:33:53,4.27,2.56,1.79,Success
FLIGHT-1674,10,5:38:29,5:39:59,1.5,0.9,1.75,Warning_HighWind
FLIGHT-1675,10,5:45:05,5:47:36,2.52,1.51,0.88,Warning_HighWind
FLIGHT-1676,10,5:49:56,5:53:46,3.83,2.3,1.68,Success
FLIGHT-1677,10,5:59:03,6:03:57,4.9,2.94,0.99,Success
FLIGHT-1678,10,6:11:43,6:15:06,3.38,2.03,1.17,Success
FLIGHT-1679,10,6:21:57,6:23:58,2.02,1.21,1.46,Success
FLIGHT-1680,10,6:31:34,6:35:41,4.12,2.47,1.15,Success
FLIGHT-1681,10,6:42:29,6:44:36,2.12,1.27,0.58,Success
FLIGHT-1682,10,6:52:32,6:56:08,3.6,2.16,1.74,Success
FLIGHT-1683,10,6:59:03,7:01:37,2.57,1.54,1.01,Warning_HighWind
FLIGHT-1684,10,7:08:17,7:09:47,1.5,0.9,0.74,Warning_HighWind
FLIGHT-1685,10,7:17:02,7:21:08,4.1,2.46,1.95,Success
FLIGHT-1686,10,7:24:08,7:25:54,1.77,1.06,1.5,Success
FLIGHT-1687,10,7:28:36,7:31:02,2.43,1.46,1.22,Success
FLIGHT-1688,10,7:35:51,7:37:35,1.73,1.04,1.66,GCS_Disconnect_RTL
FLIGHT-1689,10,7:44:14,7:47:48,3.57,2.14,1.96,Success
FLIGHT-1690,10,7:51:15,7:54:12,2.95,1.77,1.8,Success
FLIGHT-1691,10,7:57:12,7:58:56,1.73,1.04,0.6,Success
FLIGHT-1692,10,8:04:01,8:06:01,2,1.2,0.78,Success
FLIGHT-1693,10,8:11:57,8:16:27,4.5,2.7,0.62,Warning_HighWind
FLIGHT-1694,10,8:22:46,8:25:07,2.35,1.41,1.48,Success
FLIGHT-1695,10,8:31:58,8:36:29,4.52,2.71,1.54,Success
FLIGHT-1696,10,8:42:15,8:45:29,3.23,1.94,1.43,Success
FLIGHT-1697,10,8:52:11,8:54:17,2.1,1.26,1.47,Success
FLIGHT-1698,10,9:00:04,9:04:00,3.93,2.36,1.98,Warning_HighWind
FLIGHT-1699,10,9:06:57,9:09:29,2.53,1.52,1.56,Success
FLIGHT-1700,10,9:16:50,9:20:44,3.9,2.34,1.6,Success
FLIGHT-1701,10,9:25:52,9:30:49,4.95,2.97,1.85,Success
FLIGHT-1702,10,9:34:54,9:39:13,4.32,2.59,0.95,Success
FLIGHT-1703,10,9:43:50,9:47:40,3.83,2.3,1.38,Success
FLIGHT-1704,10,9:51:23,9:54:18,2.92,1.75,1.98,Success
FLIGHT-1705,10,9:59:40,10:01:40,2,1.2,0.64,Warning_HighWind
FLIGHT-1706,10,10:08:26,10:12:51,4.42,2.65,1.72,Success
FLIGHT-1707,10,10:16:37,10:21:34,4.95,2.97,0.74,Warning_HighWind
FLIGHT-1708,10,10:28:38,10:31:20,2.7,1.62,0.6,Success
FLIGHT-1709,10,10:37:33,10:42:19,4.77,2.86,1.38,Success
FLIGHT-1710,10,10:47:54,10:52:26,4.53,2.72,0.61,Success
FLIGHT-1711,10,10:55:10,11:00:03,4.88,2.93,1.27,Success
FLIGHT-1712,10,11:04:53,11:09:22,4.48,2.69,0.95,Success
FLIGHT-1713,10,11:16:41,11:21:37,4.93,2.96,1.54,Success
FLIGHT-1714,10,11:24:27,11:28:57,4.5,2.7,1.05,Success
FLIGHT-1715,10,11:33:51,11:38:24,4.55,2.73,1.55,Success
FLIGHT-1716,10,11:43:29,11:45:57,2.47,1.48,0.53,Warning_HighWind
FLIGHT-1717,10,11:52:41,11:55:39,2.97,1.78,0.92,Success
FLIGHT-1718,10,12:01:39,12:03:22,1.72,1.03,1.63,Warning_HighWind
FLIGHT-1719,10,12:11:02,12:15:02,4,2.4,0.75,Success
FLIGHT-1720,10,12:21:43,12:23:53,2.17,1.3,1.19,Success
FLIGHT-1721,10,12:26:21,12:28:50,2.48,1.49,1.98,Warning_HighWind
FLIGHT-1722,10,12:33:43,12:38:09,4.43,2.66,1.77,Success
FLIGHT-1723,10,12:40:52,12:44:45,3.88,2.33,1.34,Success
FLIGHT-1724,10,12:51:51,12:55:02,3.18,1.91,1.55,Success
FLIGHT-1725,10,12:59:40,13:02:29,2.82,1.69,0.53,Success
FLIGHT-1726,10,13:05:20,13:09:07,3.78,2.27,0.71,GCS_Disconnect_RTL
FLIGHT-1727,10,13:14:13,13:17:36,3.38,2.03,0.58,Success
FLIGHT-1728,10,13:21:24,13:25:14,3.83,2.3,1.52,Success
FLIGHT-1729,10,13:28:20,13:30:50,2.5,1.5,1.71,Success
FLIGHT-1730,10,13:35:58,13:39:58,4,2.4,1.35,Success
FLIGHT-1731,10,13:46:20,13:49:26,3.1,1.86,1.78,Success
FLIGHT-1732,10,13:53:37,13:57:48,4.18,2.51,1.96,Success
FLIGHT-1733,10,14:01:49,14:03:44,1.92,1.15,1.52,Success
FLIGHT-1734,10,14:08:24,14:10:26,2.03,1.22,0.78,Success
FLIGHT-1735,10,14:16:33,14:20:09,3.6,2.16,1.65,Success
FLIGHT-1736,10,14:22:50,14:24:31,1.68,1.01,1.62,Success
FLIGHT-1737,10,14:30:08,14:33:54,3.77,2.26,1.49,Warning_HighWind
FLIGHT-1738,10,14:39:39,14:43:40,4.02,2.41,1.77,Success
FLIGHT-1739,10,14:46:00,14:49:56,3.93,2.36,1.75,Success
FLIGHT-1740,10,14:53:20,14:57:36,4.27,2.56,0.79,Success
FLIGHT-1741,10,15:04:16,15:05:47,1.52,0.91,1.66,Success
FLIGHT-1742,10,15:11:27,15:14:06,2.65,1.59,1.19,Success
FLIGHT-1743,10,15:17:29,15:21:09,3.67,2.2,0.66,Success
FLIGHT-1744,10,15:27:32,15:32:30,4.97,2.98,1.45,Success
FLIGHT-1745,10,15:37:22,15:38:55,1.55,0.93,1.29,Success
FLIGHT-1746,10,15:46:49,15:48:55,2.1,1.26,0.67,Success
FLIGHT-1747,10,15:55:22,15:57:02,1.67,1,1.88,Success
FLIGHT-1748,10,16:04:43,16:06:31,1.8,1.08,1.93,Success
FLIGHT-1749,10,16:09:50,16:14:31,4.68,2.81,1.12,Success
FLIGHT-1750,10,16:22:06,16:24:34,2.47,1.48,1.56,Success
FLIGHT-1751,10,16:30:58,16:32:36,1.63,0.98,0.68,Success
FLIGHT-1752,10,16:34:43,16:39:40,4.95,2.97,1.6,Success
FLIGHT-1753,10,16:41:45,16:43:55,2.17,1.3,1.76,Success
FLIGHT-1754,10,16:51:32,16:54:06,2.57,1.54,1.99,GCS_Disconnect_RTL
FLIGHT-1755,10,16:56:30,16:59:08,2.63,1.58,0.96,Success
FLIGHT-1756,10,17:02:42,17:04:44,2.03,1.22,1.87,Success
FLIGHT-1757,10,17:12:19,17:14:26,2.12,1.27,1.71,Success
FLIGHT-1758,10,17:22:10,17:26:19,4.15,2.49,1.1,Success
FLIGHT-1759,10,17:30:42,17:33:27,2.75,1.65,1.62,Warning_HighWind
FLIGHT-1760,10,17:40:54,17:45:27,4.55,2.73,1.35,Success
FLIGHT-1761,10,17:51:00,17:53:19,2.32,1.39,1.06,Success
FLIGHT-1762,10,17:55:47,17:57:55,2.13,1.28,1.37,Success
FLIGHT-1763,10,18:00:40,18:03:16,2.6,1.56,1.76,Success
FLIGHT-1764,10,18:09:17,18:13:55,4.63,2.78,0.58,Success
FLIGHT-1765,10,18:20:26,18:22:36,2.17,1.3,1.16,Success
FLIGHT-1766,10,18:28:51,18:33:49,4.97,2.98,1.27,Success
FLIGHT-1767,10,18:40:06,18:43:35,3.48,2.09,0.53,Success
FLIGHT-1768,10,18:47:50,18:50:18,2.47,1.48,1.71,Success
FLIGHT-1769,10,18:53:52,18:57:26,3.57,2.14,0.73,Success
FLIGHT-1770,10,19:00:34,19:03:12,2.63,1.58,1.25,Success
FLIGHT-1771,10,19:08:39,19:11:14,2.58,1.55,1.75,Success
FLIGHT-1772,10,19:18:01,19:20:17,2.27,1.36,1.82,Success
FLIGHT-1773,10,19:24:50,19:26:29,1.65,0.99,1.62,Warning_HighWind
FLIGHT-1774,10,19:30:39,19:33:15,2.6,1.56,1.29,Success
FLIGHT-1775,10,19:41:03,19:43:02,1.98,1.19,1.65,Success
FLIGHT-1776,10,19:49:57,19:54:39,4.7,2.82,1.35,Success
FLIGHT-1777,10,20:00:57,20:03:02,2.08,1.25,1.37,Success
FLIGHT-1778,10,20:06:31,20:11:28,4.95,2.97,1.02,Success
FLIGHT-1779,10,20:14:45,20:17:45,3,1.8,1.34,Success
FLIGHT-1780,10,20:25:23,20:29:47,4.4,2.64,0.51,GCS_Disconnect_RTL
FLIGHT-1781,10,20:31:55,20:34:17,2.37,1.42,0.99,Success
FLIGHT-1782,10,20:41:46,20:45:07,3.35,2.01,0.58,Success
FLIGHT-1783,10,20:50:15,20:53:01,2.77,1.66,0.58,Success
FLIGHT-1784,10,20:55:22,20:58:43,3.35,2.01,1.85,Success
FLIGHT-1785,10,21:01:57,21:06:55,4.97,2.98,1.9,Success
FLIGHT-1786,10,21:14:18,21:17:02,2.73,1.64,0.5,Success
FLIGHT-1787,10,21:24:27,21:27:26,2.98,1.79,0.81,Success
FLIGHT-1788,10,21:31:17,21:33:30,2.22,1.33,0.75,Success
FLIGHT-1789,10,21:40:17,21:44:44,4.45,2.67,1.4,Success
FLIGHT-1790,10,21:47:49,21:50:00,2.18,1.31,1.49,Success
FLIGHT-1791,10,21:55:52,21:57:59,2.12,1.27,0.87,Success
FLIGHT-1792,10,22:00:16,22:02:55,2.65,1.59,1.34,Success
FLIGHT-1793,10,22:09:23,22:12:51,3.47,2.08,1.9,Success
FLIGHT-1794,10,22:19:38,22:23:37,3.98,2.39,1.07,Success
FLIGHT-1795,10,22:30:54,22:35:25,4.52,2.71,1.56,Success
FLIGHT-1796,10,22:41:34,22:45:46,4.2,2.52,0.54,Success
FLIGHT-1797,10,22:50:28,22:54:50,4.37,2.62,1.28,Success
FLIGHT-1798,10,23:01:30,23:05:51,4.35,2.61,0.52,Warning_HighWind
FLIGHT-1799,10,23:11:21,23:13:36,2.25,1.35,1.89,Success
FLIGHT-1800,10,23:16:08,23:17:41,1.55,0.93,1.41,Warning_HighWind
FLIGHT-1801,10,23:24:24,23:27:03,2.65,1.59,1.78,Success
FLIGHT-1802,10,23:31:26,23:33:19,1.88,1.13,1.18,Success
FLIGHT-1803,10,23:40:43,23:43:53,3.17,1.9,1.99,Success
FLIGHT-1804,10,23:48:27,23:51:35,3.13,1.88,0.86,Success
FLIGHT-1805,10,23:57:19,23:59:44,2.42,1.45,1.04,Success
FLIGHT-1806,10,24:05:38,24:08:54,3.27,1.96,1.45,Warning_HighWind
FLIGHT-1807,10,24:12:04,24:15:19,3.25,1.95,1.34,Success
FLIGHT-1808,10,24:21:45,24:24:15,2.5,1.5,1.16,Success
FLIGHT-1809,10,24:27:38,24:31:01,3.38,2.03,1.72,Success
FLIGHT-1810,10,24:35:55,24:37:25,1.5,0.9,0.81,Warning_HighWind
FLIGHT-1811,10,24:42:50,24:46:04,3.23,1.94,1.35,Success
FLIGHT-1812,10,24:49:54,24:54:48,4.9,2.94,1.42,Success
FLIGHT-1813,11,0:01:48,0:06:01,4.22,2.53,0.68,Success
FLIGHT-1814,11,0:09:00,0:11:09,2.15,1.29,1.27,Success
FLIGHT-1815,11,0:16:11,0:18:57,2.77,1.66,1.49,Success
FLIGHT-1816,11,0:24:39,0:27:28,2.82,1.69,0.52,Success
FLIGHT-1817,11,0:33:07,0:35:08,2.02,1.21,0.77,Success
FLIGHT-1818,11,0:39:22,0:42:45,3.38,2.03,1.76,Success
FLIGHT-1819,11,0:44:47,0:48:41,3.9,2.34,1.3,Success
FLIGHT-1820,11,0:50:44,0:54:27,3.72,2.23,0.58,Success
FLIGHT-1821,11,0:57:58,0:59:58,2,1.2,1.24,Success
FLIGHT-1822,11,1:04:23,1:07:43,3.33,2,1.22,Success
FLIGHT-1823,11,1:13:49,1:18:01,4.2,2.52,1.16,Success
FLIGHT-1824,11,1:25:58,1:29:44,3.77,2.26,1.1,Success
FLIGHT-1825,11,1:33:20,1:35:40,2.33,1.4,1.67,Success
FLIGHT-1826,11,1:40:52,1:43:54,3.03,1.82,0.7,Success
FLIGHT-1827,11,1:50:56,1:55:53,4.95,2.97,1.82,Success
FLIGHT-1828,11,2:02:09,2:05:53,3.73,2.24,0.5,Success
FLIGHT-1829,11,2:13:35,2:17:57,4.37,2.62,0.67,Success
FLIGHT-1830,11,2:25:47,2:29:56,4.15,2.49,0.56,Success
FLIGHT-1831,11,2:33:02,2:36:40,3.63,2.18,0.66,Success
FLIGHT-1832,11,2:41:01,2:44:10,3.15,1.89,1.65,Success
FLIGHT-1833,11,2:48:50,2:53:22,4.53,2.72,0.67,Success
FLIGHT-1834,11,2:58:48,3:03:45,4.95,2.97,0.57,Success
FLIGHT-1835,11,3:09:40,3:14:02,4.37,2.62,1.44,Success
FLIGHT-1836,11,3:18:38,3:20:09,1.52,0.91,1.93,Success
FLIGHT-1837,11,3:22:46,3:26:26,3.67,2.2,1.74,Warning_HighWind
FLIGHT-1838,11,3:33:52,3:38:12,4.33,2.6,0.56,Success
FLIGHT-1839,11,3:44:15,3:48:31,4.27,2.56,1.2,Success
FLIGHT-1840,11,3:53:08,3:55:06,1.97,1.18,1.13,Warning_HighWind
FLIGHT-1841,11,3:59:00,4:03:30,4.5,2.7,0.74,Warning_HighWind
FLIGHT-1842,11,4:06:18,4:09:48,3.5,2.1,1.12,Success
FLIGHT-1843,11,4:13:54,4:18:40,4.77,2.86,0.82,Success
FLIGHT-1844,11,4:25:59,4:29:46,3.78,2.27,0.98,Success
FLIGHT-1845,11,4:36:09,4:38:07,1.97,1.18,0.71,Success
FLIGHT-1846,11,4:44:33,4:46:04,1.52,0.91,1.34,Warning_HighWind
FLIGHT-1847,11,4:51:19,4:54:15,2.93,1.76,1.86,Success
FLIGHT-1848,11,4:58:33,5:00:19,1.77,1.06,1.88,Success
FLIGHT-1849,11,5:07:22,5:09:11,1.82,1.09,0.89,Success
FLIGHT-1850,11,5:12:28,5:14:01,1.55,0.93,1.76,Success
FLIGHT-1851,11,5:18:08,5:22:57,4.82,2.89,1.21,Success
FLIGHT-1852,11,5:25:17,5:30:08,4.85,2.91,0.87,Success
FLIGHT-1853,11,5:37:15,5:40:39,3.4,2.04,1.11,Success
FLIGHT-1854,11,5:43:49,5:46:28,2.65,1.59,0.59,Success
FLIGHT-1855,11,5:52:36,5:57:16,4.67,2.8,1.78,Success
FLIGHT-1856,11,5:59:25,6:03:29,4.07,2.44,1.96,Warning_HighWind
FLIGHT-1857,11,6:07:22,6:09:17,1.92,1.15,1.56,Success
FLIGHT-1858,11,6:16:19,6:19:23,3.07,1.84,0.55,Success
FLIGHT-1859,11,6:25:31,6:28:23,2.87,1.72,0.76,Warning_HighWind
FLIGHT-1860,11,6:35:55,6:38:56,3.02,1.81,1.1,Success
FLIGHT-1861,11,6:42:21,6:44:29,2.13,1.28,1.45,Success
FLIGHT-1862,11,6:50:39,6:52:29,1.83,1.1,1.95,Success
FLIGHT-1863,11,6:55:17,6:57:02,1.75,1.05,1.17,Success
FLIGHT-1864,11,7:03:51,7:08:01,4.17,2.5,1.6,Success
FLIGHT-1865,11,7:13:06,7:16:13,3.12,1.87,1.6,Success
FLIGHT-1866,11,7:21:17,7:23:03,1.77,1.06,1.67,Success
FLIGHT-1867,11,7:29:54,7:32:11,2.28,1.37,1.3,Success
FLIGHT-1868,11,7:39:46,7:42:23,2.62,1.57,0.86,Success
FLIGHT-1869,11,7:48:03,7:49:38,1.58,0.95,0.7,Success
FLIGHT-1870,11,7:52:51,7:56:25,3.57,2.14,1.62,Success
FLIGHT-1871,11,8:02:34,8:05:19,2.75,1.65,1.08,Success
FLIGHT-1872,11,8:09:13,8:11:39,2.43,1.46,1.24,Success
FLIGHT-1873,11,8:13:52,8:15:37,1.75,1.05,1.68,Success
FLIGHT-1874,11,8:23:00,8:24:48,1.8,1.08,1.61,Success
FLIGHT-1875,11,8:31:57,8:35:59,4.03,2.42,1.69,Warning_HighWind
FLIGHT-1876,11,8:38:37,8:41:51,3.23,1.94,0.54,Success
FLIGHT-1877,11,8:45:53,8:49:23,3.5,2.1,1.8,Success
FLIGHT-1878,11,8:55:40,8:57:14,1.57,0.94,1.21,Success
FLIGHT-1879,11,9:04:37,9:06:15,1.63,0.98,1.54,Success
FLIGHT-1880,11,9:10:19,9:12:49,2.5,1.5,1.47,Success
FLIGHT-1881,11,9:17:59,9:21:31,3.53,2.12,1.88,Success
FLIGHT-1882,11,9:28:37,9:33:04,4.45,2.67,1.74,Success
FLIGHT-1883,11,9:38:02,9:42:31,4.48,2.69,1.25,Success
FLIGHT-1884,11,9:49:02,9:51:30,2.47,1.48,1.94,Success
FLIGHT-1885,11,9:58:26,10:01:16,2.83,1.7,1.06,Success
FLIGHT-1886,11,10:08:33,10:11:41,3.13,1.88,1.98,Success
FLIGHT-1887,11,10:18:22,10:21:35,3.22,1.93,0.86,Success
FLIGHT-1888,11,10:25:43,10:27:20,1.62,0.97,0.8,Success
FLIGHT-1889,11,10:32:14,10:36:46,4.53,2.72,0.94,Success
FLIGHT-1890,11,10:43:57,10:45:38,1.68,1.01,0.72,Success
FLIGHT-1891,11,10:49:39,10:53:12,3.55,2.13,1.05,Success
FLIGHT-1892,11,11:00:04,11:05:03,4.98,2.99,0.81,Success
FLIGHT-1893,11,11:10:38,11:15:32,4.9,2.94,0.93,Success
FLIGHT-1894,11,11:18:06,11:20:08,2.03,1.22,1.91,Success
FLIGHT-1895,11,11:22:08,11:24:40,2.53,1.52,1.2,Success
FLIGHT-1896,11,11:31:02,11:33:27,2.42,1.45,1.89,Warning_HighWind
FLIGHT-1897,11,11:40:30,11:42:25,1.92,1.15,1.34,Success
FLIGHT-1898,11,11:49:22,11:51:52,2.5,1.5,1.81,Success
FLIGHT-1899,11,11:54:26,11:56:10,1.73,1.04,1.02,Success
FLIGHT-1900,11,12:02:20,12:05:08,2.8,1.68,1.38,Success
FLIGHT-1901,11,12:09:36,12:12:16,2.67,1.6,1.7,Success
FLIGHT-1902,11,12:19:03,12:21:25,2.37,1.42,1.55,Success
FLIGHT-1903,11,12:27:58,12:30:48,2.83,1.7,0.99,Success
FLIGHT-1904,11,12:38:05,12:40:28,2.38,1.43,1.53,Success
FLIGHT-1905,11,12:47:18,12:51:47,4.48,2.69,1.69,Success
FLIGHT-1906,11,12:57:50,13:02:03,4.22,2.53,1.12,Success
FLIGHT-1907,11,13:06:17,13:08:43,2.43,1.46,0.99,Success
FLIGHT-1908,11,13:11:41,13:14:08,2.45,1.47,1.85,Success
FLIGHT-1909,11,13:17:21,13:21:37,4.27,2.56,1.41,Success
FLIGHT-1910,11,13:26:38,13:30:09,3.52,2.11,0.66,Success
FLIGHT-1911,11,13:37:37,13:40:46,3.15,1.89,1.61,Success
FLIGHT-1912,11,13:45:02,13:48:08,3.1,1.86,0.77,Success
FLIGHT-1913,11,13:50:26,13:54:09,3.72,2.23,1.38,Success
FLIGHT-1914,11,14:00:18,14:02:29,2.18,1.31,0.61,Success
FLIGHT-1915,11,14:05:18,14:09:31,4.22,2.53,0.61,Success
FLIGHT-1916,11,14:13:50,14:16:58,3.13,1.88,1.93,Success
FLIGHT-1917,11,14:23:58,14:27:10,3.2,1.92,1.22,Success
FLIGHT-1918,11,14:29:14,14:34:07,4.88,2.93,1.38,Success
FLIGHT-1919,11,14:39:34,14:43:42,4.13,2.48,1.69,Success
FLIGHT-1920,11,14:48:15,14:52:05,3.83,2.3,1.79,Warning_HighWind
FLIGHT-1921,11,14:59:15,15:02:13,2.97,1.78,1.62,Success
FLIGHT-1922,11,15:08:52,15:11:33,2.68,1.61,1.32,Success
FLIGHT-1923,11,15:19:08,15:23:09,4.02,2.41,1.85,Success
FLIGHT-1924,11,15:26:10,15:30:57,4.78,2.87,1.14,Success
FLIGHT-1925,11,15:36:05,15:37:38,1.55,0.93,1.91,Success
FLIGHT-1926,11,15:40:34,15:43:50,3.27,1.96,0.75,Success
FLIGHT-1927,11,15:49:27,15:52:53,3.43,2.06,1.82,Success
FLIGHT-1928,11,15:56:04,15:58:44,2.67,1.6,0.65,Success
FLIGHT-1929,11,16:02:39,16:05:21,2.7,1.62,1.23,Success
FLIGHT-1930,11,16:11:15,16:13:25,2.17,1.3,1.3,Success
FLIGHT-1931,11,16:18:36,16:20:29,1.88,1.13,0.7,Success
FLIGHT-1932,11,16:26:01,16:29:42,3.68,2.21,1.65,Success
FLIGHT-1933,11,16:32:52,16:37:20,4.47,2.68,0.73,Success
FLIGHT-1934,11,16:42:46,16:47:45,4.98,2.99,1.37,Success
FLIGHT-1935,11,16:54:27,16:58:28,4.02,2.41,1.36,Success
FLIGHT-1936,11,17:01:12,17:04:36,3.4,2.04,0.6,Success
FLIGHT-1937,11,17:06:57,17:11:18,4.35,2.61,1.55,Success
FLIGHT-1938,11,17:17:15,17:20:59,3.73,2.24,1.65,Warning_HighWind
FLIGHT-1939,11,17:27:23,17:30:44,3.35,2.01,1.56,Success
FLIGHT-1940,11,17:37:47,17:42:27,4.67,2.8,1.05,Success
FLIGHT-1941,11,17:44:40,17:48:46,4.1,2.46,0.81,Success
FLIGHT-1942,11,17:51:23,17:55:59,4.6,2.76,1.17,Warning_HighWind
FLIGHT-1943,11,18:01:33,18:04:02,2.48,1.49,1.93,Success
FLIGHT-1944,11,18:09:29,18:13:47,4.3,2.58,0.72,Success
FLIGHT-1945,11,18:17:22,18:19:17,1.92,1.15,0.52,Success
FLIGHT-1946,11,18:22:07,18:25:39,3.53,2.12,1.98,Success
FLIGHT-1947,11,18:31:53,18:36:24,4.52,2.71,1.38,Success
FLIGHT-1948,11,18:38:51,18:43:46,4.92,2.95,0.79,Success
FLIGHT-1949,11,18:49:17,18:54:13,4.93,2.96,0.91,Success
FLIGHT-1950,11,19:00:53,19:05:31,4.63,2.78,1.38,Success
FLIGHT-1951,11,19:10:26,19:14:17,3.85,2.31,0.86,Success
FLIGHT-1952,11,19:19:13,19:22:49,3.6,2.16,1.6,Warning_HighWind
FLIGHT-1953,11,19:25:03,19:29:37,4.57,2.74,0.8,Success
FLIGHT-1954,11,19:35:11,19:39:33,4.37,2.62,1.85,Success
FLIGHT-1955,11,19:44:39,19:47:01,2.37,1.42,1.16,Success
FLIGHT-1956,11,19:54:11,19:56:24,2.22,1.33,0.92,Success
FLIGHT-1957,11,20:02:15,20:06:51,4.6,2.76,1.56,Success
FLIGHT-1958,11,20:13:53,20:15:51,1.97,1.18,0.5,Success
FLIGHT-1959,11,20:18:05,20:22:18,4.22,2.53,1.58,Success
FLIGHT-1960,11,20:25:33,20:29:46,4.22,2.53,1.72,Success
FLIGHT-1961,11,20:34:20,20:35:50,1.5,0.9,1.97,Warning_HighWind
FLIGHT-1962,11,20:42:08,20:44:28,2.33,1.4,0.96,Success
FLIGHT-1963,11,20:50:08,20:53:40,3.53,2.12,1.6,Success
FLIGHT-1964,11,20:57:44,21:00:34,2.83,1.7,0.78,Success
FLIGHT-1965,11,21:05:23,21:07:31,2.13,1.28,0.98,Success
FLIGHT-1966,11,21:15:08,21:18:16,3.13,1.88,1.19,Success
FLIGHT-1967,11,21:21:17,21:24:45,3.47,2.08,0.74,Success
FLIGHT-1968,11,21:26:52,21:31:42,4.83,2.9,1.29,Success
FLIGHT-1969,11,21:34:06,21:37:58,3.87,2.32,0.53,Success
FLIGHT-1970,11,21:43:02,21:45:13,2.18,1.31,0.99,Success
FLIGHT-1971,11,21:48:36,21:50:39,2.05,1.23,1.82,Success
FLIGHT-1972,11,21:57:24,22:00:21,2.95,1.77,1.49,Success
FLIGHT-1973,11,22:03:12,22:07:04,3.87,2.32,1.06,Success
FLIGHT-1974,11,22:11:26,22:14:28,3.03,1.82,0.64,Success
FLIGHT-1975,11,22:16:41,22:18:52,2.18,1.31,1.52,Success
FLIGHT-1976,11,22:21:18,22:24:20,3.03,1.82,1.5,Success
FLIGHT-1977,11,22:27:16,22:30:45,3.48,2.09,1.69,Success
FLIGHT-1978,11,22:37:04,22:41:50,4.77,2.86,0.97,Success
FLIGHT-1979,11,22:44:30,22:48:11,3.68,2.21,0.8,Success
FLIGHT-1980,11,22:53:28,22:55:40,2.2,1.32,0.99,Success
FLIGHT-1981,11,23:00:15,23:02:10,1.92,1.15,0.74,Success
FLIGHT-1982,11,23:04:58,23:08:52,3.9,2.34,1.21,Success
FLIGHT-1983,11,23:16:16,23:18:00,1.73,1.04,1.51,GCS_Disconnect_RTL
FLIGHT-1984,11,23:24:19,23:27:16,2.95,1.77,1.86,Success
FLIGHT-1985,11,23:32:00,23:36:42,4.7,2.82,1.02,Success
FLIGHT-1986,11,23:43:23,23:47:53,4.5,2.7,1.57,Success
FLIGHT-1987,11,23:53:29,23:56:02,2.55,1.53,1.45,Success
FLIGHT-1988,11,24:03:31,24:07:28,3.95,2.37,1.05,Success
FLIGHT-1989,11,24:13:45,24:16:12,2.45,1.47,1.85,Success
FLIGHT-1990,11,24:18:38,24:20:36,1.97,1.18,0.52,Success
FLIGHT-1991,11,24:24:22,24:28:56,4.57,2.74,1.98,Success
FLIGHT-1992,11,24:32:31,24:35:29,2.97,1.78,1.79,Success
FLIGHT-1993,11,24:39:19,24:41:10,1.85,1.11,1.84,Success
FLIGHT-1994,11,24:48:00,24:51:16,3.27,1.96,1.33,Warning_HighWind
FLIGHT-1995,11,24:55:06,24:58:05,2.98,1.79,1.74,Success
FLIGHT-1996,12,0:00:17,0:05:07,4.83,2.9,1.3,Success
FLIGHT-1997,12,0:10:25,0:11:55,1.5,0.9,1.58,Success
FLIGHT-1998,12,0:17:00,0:20:17,3.28,1.97,1.25,Success
FLIGHT-1999,12,0:24:28,0:29:09,4.68,2.81,1.85,Success
FLIGHT-2000,12,0:34:22,0:36:26,2.07,1.24,1.96,Success
